s_m,x_m,y_m,z_m,theta_rad,mu_rad,phi_rad,dtheta_radpm,dmu_radpm,dphi_radpm,w_tr_right_m,w_tr_left_m,omega_x_radpm,omega_y_radpm,omega_z_radpm
0.0,-1.940937,4.679647,-0.021047,0.01993,0.023904,-8.8e-05,-0.080066,-1.23478,0.006543,-0.588069,0.588069,0.008457,-1.234773,-0.080151
0.066397,-1.874564,4.680483,-0.022634,0.014614,-0.058082,0.000347,0.075872,1.812253,-0.011014,-0.586063,0.586063,-0.00661,1.812279,0.075115
0.124027,-1.817032,4.680637,-0.019289,0.018986,0.046357,-0.000288,0.022281,-2.234726,0.01451,-0.586043,0.586043,0.013477,-2.234732,0.021614
0.177138,-1.763978,4.680986,-0.02175,0.02017,-0.072333,0.000483,0.066614,1.897678,-0.01243,-0.586028,0.586028,-0.007616,1.89771,0.065523
0.24045,-1.700833,4.681418,-0.017175,0.024387,0.047812,-0.000304,0.012505,-1.438862,0.009494,-0.585861,0.585861,0.008897,-1.438866,0.012054
0.307682,-1.633683,4.682202,-0.020388,0.025228,-0.048925,0.000334,-0.018696,1.351269,-0.007158,-0.585441,0.585441,-0.008072,1.351263,-0.019125
0.382813,-1.558647,4.683071,-0.016714,0.023823,0.052597,-0.000204,0.007189,-1.293057,0.00325,-0.584666,0.584666,0.002872,-1.293059,0.006916
0.457586,-1.483986,4.684272,-0.020645,0.024361,-0.044088,3.9e-05,-0.002229,1.092025,-0.001235,-0.583714,0.583714,-0.001333,1.092025,-0.00227
0.528602,-1.413057,4.685873,-0.017515,0.024203,0.033463,-4.8e-05,-0.032222,-0.898189,0.002194,-0.5827,0.5827,0.003272,-0.898188,-0.032248
0.599559,-1.342156,4.687385,-0.019889,0.021916,-0.03027,0.000107,0.185316,0.60482,-0.001462,-0.581597,0.581597,0.004146,0.604839,0.185166
0.673077,-1.26868,4.688474,-0.017664,0.03554,0.014195,-0.0,-0.077914,-0.304231,0.000135,-0.580124,0.580124,0.001241,-0.304231,-0.077906
0.756277,-1.185542,4.691428,-0.018845,0.029058,-0.011117,1.1e-05,-0.079968,-0.116716,0.000327,-0.577117,0.577117,-0.000562,-0.116717,-0.079962
0.848391,-1.093467,4.693922,-0.017821,0.021692,-0.021868,4.1e-05,-0.01447,0.462666,-0.001464,-0.574713,0.574713,-0.00178,0.462666,-0.014485
0.944749,-0.997148,4.695648,-0.015714,0.020297,0.022714,-0.0001,-0.040179,-0.351287,0.001841,-0.572084,0.572084,0.002754,-0.351283,-0.040204
1.053639,-0.888292,4.696901,-0.018187,0.015922,-0.015538,0.000101,0.013523,0.212743,-0.001249,-0.56944,0.56944,-0.001039,0.212745,0.013499
1.17214,-0.769806,4.697254,-0.016346,0.017525,0.009672,-4.7e-05,-0.022026,-0.317149,0.001263,-0.566429,0.566429,0.001476,-0.317148,-0.02204
1.299421,-0.642536,4.698239,-0.017577,0.014721,-0.030695,0.000113,-0.090654,0.279732,-0.001069,-0.563884,0.563884,-0.003851,0.279721,-0.090643
1.434225,-0.507798,4.699227,-0.01344,0.002501,0.007015,-3.1e-05,0.000224,-0.247457,0.000745,-0.560883,0.560883,0.000743,-0.247457,0.000216
1.567672,-0.374358,4.698391,-0.014376,0.002531,-0.026008,6.9e-05,0.070366,0.275558,-0.000364,-0.559178,0.559178,0.001466,0.275563,0.070323
1.70165,-0.240424,4.698023,-0.010892,0.011958,0.010911,2e-05,0.012888,-0.348055,-0.001618,-0.556838,0.556838,-0.001758,-0.348054,0.012894
1.834913,-0.107186,4.700102,-0.012346,0.013676,-0.035471,-0.000196,0.029596,0.324225,0.001776,-0.553327,0.553327,0.002826,0.324219,0.029641
1.957621,0.015407,4.703132,-0.007995,0.017307,0.004314,2.2e-05,-0.03448,-0.063808,-0.000221,-0.550372,0.550372,-7.2e-05,-0.063808,-0.034479
2.081661,0.139399,4.706558,-0.00853,0.01303,-0.003601,-5e-06,0.081595,-0.04702,-0.000331,-0.547877,0.547877,-3.7e-05,-0.04702,0.081594
2.209408,0.267128,4.708589,-0.00807,0.023454,-0.009608,-4.7e-05,0.052103,0.074216,0.000367,-0.545922,0.545922,0.000867,0.074214,0.052104
2.342867,0.400508,4.713035,-0.006788,0.030407,0.000297,2e-06,0.060896,-0.090927,-0.000291,-0.543098,0.543098,-0.00031,-0.090927,0.060896
2.467311,0.524847,4.718132,-0.006825,0.037985,-0.011018,-3.5e-05,0.090833,0.166019,0.000612,-0.541231,0.541231,0.001613,0.166016,0.090833
2.591033,0.64844,4.723609,-0.005462,0.049223,0.009522,4.1e-05,-0.093973,-0.128837,3.8e-05,-0.540335,0.540335,0.000933,-0.12884,-0.093963
2.714558,0.771753,4.73075,-0.006638,0.037615,-0.006392,4.6e-05,0.179027,0.03431,-0.000354,-0.544513,0.544513,0.00079,0.034318,0.179022
2.847071,0.904228,4.733841,-0.005791,0.061339,-0.001846,-1e-06,0.014369,-0.089108,-6.2e-05,-0.542716,0.542716,-3.5e-05,-0.089108,0.014369
2.976016,1.032919,4.741914,-0.005553,0.063192,-0.013336,-9e-06,-0.033172,0.055348,0.000483,-0.545579,0.545579,4e-05,0.055349,-0.033169
3.095851,1.152493,4.749645,-0.003955,0.059217,-0.006703,4.9e-05,-0.04321,0.019706,-0.000141,-0.54678,0.54678,-0.000431,0.019704,-0.04321
3.215496,1.272016,4.754994,-0.003153,0.054047,-0.004345,3.2e-05,0.168777,-0.010777,-0.000308,-0.552071,0.552071,0.000426,-0.010772,0.168776
3.336546,1.392972,4.759769,-0.002627,0.074477,-0.00565,-6e-06,-0.095222,-0.029631,0.000651,-0.556985,0.556985,0.000113,-0.029631,-0.095221
3.455136,1.511213,4.768824,-0.001957,0.063185,-0.009164,7.2e-05,0.191076,-0.137675,0.000164,-0.566144,0.566144,0.001915,-0.137661,0.191078
3.569607,1.62555,4.774267,-0.000908,0.085058,-0.024924,9e-05,-0.198266,0.225686,-0.000931,-0.57216,0.57216,-0.005872,0.225668,-0.198225
3.701329,1.756833,4.784503,0.002375,0.058942,0.004804,-3.2e-05,-0.019459,-0.225301,-1.9e-05,-0.582614,0.582614,7.4e-05,-0.2253,-0.019466
3.830385,1.885754,4.790381,0.001755,0.05643,-0.024273,-3.5e-05,-0.022977,0.439658,0.001474,-0.587969,0.587969,0.000916,0.439659,-0.022955
3.956843,2.011952,4.797872,0.004824,0.053525,0.031326,0.000152,0.030681,-0.421398,-0.002365,-0.595296,0.595296,-0.003326,-0.421393,0.03073
4.082795,2.13759,4.805825,0.00088,0.057389,-0.02175,-0.000146,-0.122077,0.28742,0.001363,-0.602453,0.602453,-0.001292,0.287438,-0.122006
4.212554,2.266994,4.815008,0.003701,0.041549,0.015545,3.1e-05,-0.005257,-0.23584,-0.000824,-0.610102,0.610102,-0.000743,-0.235841,-0.005249
4.34579,2.400075,4.821067,0.00163,0.040848,-0.015877,-7.9e-05,0.050168,0.235161,0.001782,-0.61356,0.61356,0.002578,0.235157,0.05018
4.482248,2.53634,4.827998,0.003796,0.047694,0.016213,0.000164,0.040557,-0.235339,-0.00139,-0.616845,0.616845,-0.002048,-0.235332,0.04059
4.604027,2.657822,4.836265,0.001823,0.052633,-0.012447,-5e-06,0.119017,0.238257,-0.00114,-0.62093,0.62093,0.000341,0.238257,0.11901
4.729286,2.782892,4.84296,0.003382,0.067541,0.017397,-0.000148,0.013348,-0.305516,0.001913,-0.617986,0.617986,0.001681,-0.305518,0.0133
4.854141,2.907569,4.849268,0.00121,0.069207,-0.020748,9.1e-05,-0.064606,0.422213,-0.00034,-0.617637,0.617637,-0.001681,0.422207,-0.064631
4.972368,3.025555,4.856412,0.003663,0.061569,0.029169,5.1e-05,-0.246168,-0.476508,-0.000489,-0.613188,0.613188,0.00669,-0.47652,-0.246039
5.080416,3.133329,4.86343,0.000512,0.034971,-0.022317,-2e-06,0.273057,0.225396,-2.7e-05,-0.6115,0.6115,0.006066,0.225395,0.27299
5.221624,3.274414,4.868396,0.003663,0.073529,0.009511,-6e-06,0.117824,-0.049974,4.5e-05,-0.608982,0.608982,-0.001075,-0.049974,0.117818
5.370608,3.423003,4.879148,0.002246,0.091083,0.002066,1e-06,0.200924,-0.030586,-6.1e-05,-0.604134,0.604134,-0.000476,-0.030586,0.200924
5.509066,3.560879,4.891824,0.00196,0.118902,-0.002169,-8e-06,0.213146,0.148601,0.001248,-0.595874,0.595874,0.00171,0.148599,0.213147
5.639103,3.689882,4.908188,0.002242,0.146619,0.017154,0.000154,0.284303,-0.215836,-0.001872,-0.592096,0.592096,-0.006749,-0.215792,0.284295
5.776178,3.825082,4.930657,-0.000107,0.18559,-0.012431,-0.000102,0.120201,0.224338,-0.000257,-0.588713,0.588713,0.001237,0.224326,0.120215
5.913961,3.96005,4.958312,0.001604,0.202152,0.018479,-0.000138,0.474321,-0.299397,0.000162,-0.590636,0.590636,-0.008603,-0.299463,0.474199
6.058437,4.101975,4.985214,-0.001067,0.27068,-0.024777,-0.000114,0.058638,0.440472,0.004111,-0.587544,0.587544,0.005564,0.440465,0.05867
6.173596,4.212617,5.017022,0.001784,0.277433,0.025947,0.000359,-0.073677,-0.418267,-0.004304,-0.576854,0.576854,-0.002392,-0.418293,-0.073502
6.285643,4.319442,5.050702,-0.001115,0.269178,-0.020919,-0.000123,-0.10577,0.37492,0.001401,-0.571114,0.571114,-0.000811,0.374933,-0.1057
6.399389,4.428704,5.08224,0.001262,0.257147,0.021727,3.6e-05,-0.036021,-0.333828,-0.000813,-0.570715,0.570715,-3e-05,-0.33383,-0.036
6.521117,4.546297,5.113584,-0.001382,0.252762,-0.018909,-6.3e-05,-0.234075,0.333721,-0.000313,-0.571053,0.571053,-0.004739,0.333736,-0.234012
6.64054,4.661704,5.144211,0.000875,0.224808,0.020945,-0.0001,0.156693,-0.293549,0.000428,-0.568955,0.568955,-0.002854,-0.293565,0.15663
6.760237,4.778612,5.169776,-0.001633,0.243564,-0.014192,-4.9e-05,-0.051599,0.210492,2.2e-05,-0.565335,0.565335,-0.00071,0.210494,-0.051583
6.888475,4.902837,5.201556,0.000186,0.236947,0.012801,-4.6e-05,-0.074659,-0.190147,0.000929,-0.566177,0.566177,0.001885,-0.190144,-0.074662
7.009513,5.020684,5.229123,-0.001364,0.22791,-0.010214,6.7e-05,-0.041438,0.190381,-0.00087,-0.566096,0.566096,-0.001293,0.190378,-0.041449
7.125863,5.13435,5.253937,-0.000175,0.223089,0.011937,-3.5e-05,0.036682,0.023348,0.000406,-0.566512,0.566512,-3.2e-05,0.023347,0.03668
7.246294,5.25194,5.279899,-0.001613,0.227506,0.014749,1.4e-05,-0.034487,-0.071766,-0.00026,-0.565582,0.565582,0.000248,-0.071767,-0.034482
7.370931,5.373298,5.308243,-0.003451,0.223208,0.005804,-1.8e-05,0.167869,0.039611,0.0002,-0.566228,0.566228,-0.000774,0.039608,0.167867
7.497694,5.497088,5.335527,-0.004187,0.244488,0.010826,7e-06,0.032488,-0.066587,-6.6e-05,-0.566319,0.566319,-0.000418,-0.066586,0.032487
7.626015,5.621544,5.366751,-0.005576,0.248657,0.002281,-1e-06,0.025789,0.037736,8e-06,-0.56718,0.56718,-5.1e-05,0.037736,0.025789
7.74656,5.738416,5.396282,-0.005851,0.251765,0.00683,-0.0,-0.037527,-0.154601,-0.000291,-0.565926,0.565926,-3.5e-05,-0.154601,-0.037526
7.864129,5.852279,5.425558,-0.006654,0.247353,-0.011346,-3.5e-05,-0.052875,0.192367,0.00115,-0.565536,0.565536,0.00055,0.192368,-0.052865
7.977344,5.96187,5.453945,-0.00537,0.241367,0.010433,9.6e-05,-0.436861,-0.090523,-0.000898,-0.563759,0.563759,0.00366,-0.090565,-0.436828
8.08121,6.062244,5.480628,-0.006452,0.195992,0.00103,2e-06,-0.446768,-0.027668,-0.000242,-0.5621,0.5621,0.000218,-0.027669,-0.446767
8.183146,6.162134,5.500948,-0.006557,0.15045,-0.00179,-2.2e-05,-0.650939,-0.037849,-0.000979,-0.559334,0.559334,-0.002144,-0.037834,-0.650939
8.270992,6.24863,5.516284,-0.0064,0.093268,-0.005115,-0.000108,-0.811817,0.039995,0.000645,-0.56275,0.56275,-0.003507,0.040083,-0.811802
8.348238,6.325165,5.526741,-0.006006,0.030558,-0.002025,-5.8e-05,-0.983758,-0.010437,-0.000359,-0.57012,0.57012,-0.002351,-0.01038,-0.983756
8.425057,6.401684,5.533511,-0.005851,-0.045013,-0.002827,-8.6e-05,-1.198554,0.238113,0.005867,-0.590567,0.590567,0.002478,0.238216,-1.198529
8.503461,6.480079,5.534715,-0.00563,-0.138984,0.015842,0.000374,-0.875711,-0.288103,-0.007223,-0.619589,0.619589,0.00665,-0.28843,-0.875493
8.580202,6.556484,5.52764,-0.006845,-0.206187,-0.006267,-0.00018,-0.757382,-0.39198,-0.01593,-0.655199,0.655199,-0.020677,-0.391843,-0.757438
8.661757,6.637123,5.515466,-0.006334,-0.267955,-0.038235,-0.00148,-0.466773,0.57332,0.02351,-0.697091,0.697091,0.005667,0.574009,-0.465583
8.737872,6.711766,5.500853,-0.003426,-0.303484,0.005403,0.00031,-0.340546,-0.228254,-0.017196,-0.738951,0.738951,-0.015356,-0.22836,-0.34047
8.817918,6.790282,5.48529,-0.003857,-0.330743,-0.012868,-0.001066,-0.952977,0.165085,0.013631,-0.781359,0.781359,0.001369,0.166101,-0.952722
8.906804,6.877713,5.469305,-0.002725,-0.41545,0.001806,0.000145,-1.514124,-0.004708,-0.000781,-0.827411,0.827411,0.001954,-0.004928,-1.514121
9.005358,6.972641,5.442823,-0.002902,-0.564672,0.001342,6.8e-05,-2.201496,-0.071984,0.000973,-0.871149,0.871149,0.003928,-0.072134,-2.201489
9.132873,7.086222,5.384861,-0.003074,-0.845395,-0.007837,0.000192,-1.156026,0.097064,-0.002587,-0.908118,0.908118,-0.011646,0.096842,-1.156009
9.305947,7.194083,5.249513,-0.001737,-1.045474,0.008963,-0.000255,-1.234923,-0.227309,0.007972,-0.909855,0.909855,0.019039,-0.226994,-1.234932
9.478823,7.271128,5.094762,-0.003253,-1.258963,-0.030334,0.001123,-1.048151,0.270127,-0.009734,-0.904612,0.904612,-0.041523,0.268951,-1.047972
9.649703,7.308781,4.928157,0.001731,-1.438071,0.015825,-0.000541,-1.116797,-0.177452,0.00757,-0.892545,0.892545,0.025243,-0.176848,-1.116753
9.824709,7.31709,4.753368,-0.000923,-1.633517,-0.01523,0.000784,-1.041998,0.102469,-0.005237,-0.881154,0.881154,-0.021106,0.101652,-1.041957
10.008147,7.290761,4.571853,0.001967,-1.824659,0.003567,-0.000177,-1.312157,-0.172143,0.013696,-0.871239,0.871239,0.018377,-0.171911,-1.312179
10.198741,7.228055,4.391871,0.001269,-2.074748,-0.029243,0.002434,-1.67656,0.22515,-0.024377,-0.860237,0.860237,-0.073397,0.22107,-1.676386
10.384192,7.118298,4.24249,0.00682,-2.385668,0.012512,-0.002087,-0.809706,-0.288119,0.043481,-0.827253,0.827253,0.053611,-0.286429,-0.810243
10.533207,6.989078,4.168299,0.004972,-2.506326,-0.030422,0.004392,-0.721036,0.272656,-0.037588,-0.762902,0.762902,-0.05952,0.269488,-0.721893
10.673304,6.860991,4.111703,0.009179,-2.607341,0.007776,-0.000874,-0.649253,-0.238801,0.020865,-0.708537,0.708537,0.025914,-0.238234,-0.649441
10.797156,6.744607,4.069358,0.008225,-2.687752,-0.0218,0.001711,-0.570725,0.124693,-0.011535,-0.670503,0.670503,-0.023976,0.123716,-0.570802
10.912604,6.634845,4.03366,0.010733,-2.753642,-0.007404,0.000379,-0.53347,-0.086101,0.002499,-0.650703,0.650703,-0.001451,-0.086303,-0.533422
11.030748,6.521712,3.999631,0.011608,-2.816668,-0.017577,0.000674,-0.478362,0.106012,-0.00449,-0.637158,0.637158,-0.012898,0.10569,-0.478359
11.145492,6.41059,3.971094,0.013626,-2.871557,-0.005412,0.000159,-0.35372,-0.098759,0.001336,-0.628003,0.628003,-0.000578,-0.098815,-0.353699
11.262189,6.296529,3.946443,0.014258,-2.912835,-0.016937,0.000315,-0.234218,-0.02705,-0.001198,-0.618117,0.618117,-0.005165,-0.027124,-0.234176
11.37948,6.181412,3.924055,0.016246,-2.940307,-0.02011,0.000174,-0.073969,0.377583,-0.001686,-0.610127,0.610127,-0.003173,0.37757,-0.07402
11.497024,6.065876,3.902548,0.018611,-2.949001,0.024273,-2.4e-05,-0.041481,-0.388942,0.000476,-0.603469,0.603469,0.001483,-0.388941,-0.041478
11.61683,5.948275,3.879853,0.015703,-2.953971,-0.022325,3.3e-05,-0.057258,0.341433,-0.000844,-0.599684,0.599684,-0.002122,0.341431,-0.057255
11.7396,5.827622,3.85732,0.018444,-2.961001,0.019592,-7e-05,0.043675,-0.306642,0.000157,-0.593486,0.593486,-0.000699,-0.306645,0.043645
11.858601,5.710429,3.836788,0.016112,-2.955803,-0.016898,-5.2e-05,0.038609,0.36304,0.001198,-0.589277,0.589277,0.00185,0.363038,0.038622
11.979841,5.591431,3.813668,0.01816,-2.951122,0.027117,9.4e-05,0.164886,-0.289748,-0.001006,-0.585166,0.585166,-0.005477,-0.289732,0.164853
12.100602,5.473059,3.789994,0.014887,-2.93121,-0.007873,-2.8e-05,0.225674,0.229198,0.000498,-0.581895,0.581895,0.002275,0.229192,0.225673
12.220299,5.356184,3.76417,0.015829,-2.904198,0.019561,3.2e-05,0.169846,-0.018763,-0.001211,-0.579071,0.579071,-0.004533,-0.018758,0.169814
12.330957,5.248736,3.737801,0.013665,-2.885403,0.017485,-0.000102,0.349342,-0.081157,0.000635,-0.57811,0.57811,-0.005473,-0.081192,0.34928
12.435103,5.147705,3.712588,0.011843,-2.849021,0.009033,-3.6e-05,0.296226,0.075896,-0.002009,-0.57882,0.57882,-0.004685,0.075885,0.296217
12.539338,5.047668,3.683318,0.010901,-2.818143,0.016944,-0.000245,0.590079,-0.637196,0.009764,-0.582344,0.582344,-0.000233,-0.637341,0.589838
12.634985,4.956164,3.655521,0.009278,-2.761704,-0.044002,0.000689,0.656433,0.777183,-0.013194,-0.589197,0.589197,0.015681,0.777635,0.655263
12.72206,4.874422,3.62576,0.013116,-2.704545,0.023671,-0.00046,0.535405,-1.078097,0.030394,-0.597455,0.597455,0.017721,-1.078343,0.534758
12.797729,4.804723,3.596359,0.01132,-2.664032,-0.057907,0.00184,0.38787,0.696253,-0.019112,-0.610543,0.610543,0.003336,0.696964,0.385938
12.86426,4.743996,3.569456,0.015185,-2.638226,-0.011584,0.000568,1.445542,-0.28187,0.004013,-0.62625,0.62625,0.020758,-0.281049,1.445605
12.928947,4.684746,3.54351,0.015937,-2.544719,-0.029818,0.000828,1.104799,0.83482,-0.021311,-0.642849,0.642849,0.011626,0.835734,1.103616
12.98823,4.634048,3.512833,0.017714,-2.479223,0.019673,-0.000436,3.366117,-0.916423,-0.005474,-0.660522,0.660522,-0.071692,-0.91789,3.365066
13.033171,4.59748,3.486725,0.016825,-2.327947,-0.021512,-0.000682,2.903993,0.050888,-0.006898,-0.674894,0.674894,0.055568,0.048909,2.903355
13.136918,4.531603,3.406606,0.019014,-2.026665,-0.016232,-0.001398,1.109799,0.249597,0.021109,-0.677683,0.677683,0.039123,0.248046,1.11
13.227881,4.515822,3.317031,0.020274,-1.925715,0.006472,0.000523,0.937575,0.251689,0.017752,-0.646016,0.646016,0.011684,0.252179,0.937424
13.321537,4.509666,3.223579,0.019764,-1.837905,0.030044,0.002185,1.543227,-0.516147,-0.035959,-0.612908,0.612908,-0.082317,-0.512775,1.543654
13.416954,4.509301,3.128194,0.017315,-1.690655,-0.019205,-0.001246,0.76095,0.440595,0.026933,-0.587377,0.587377,0.041547,0.439647,0.761358
13.530698,4.531633,3.016678,0.019071,-1.604102,0.03091,0.001818,1.136491,-0.522425,-0.048705,-0.55335,0.55335,-0.083828,-0.520359,1.136896
13.640521,4.556348,2.90971,0.016219,-1.479289,-0.026465,-0.003531,3.951883,0.563675,0.180133,-0.522788,0.522788,0.284706,0.549721,3.952465
13.750542,4.584108,2.803293,0.019303,-1.044497,0.035551,0.016287,-2.155109,-1.453197,-0.365777,-0.498414,0.498414,-0.289176,-1.488081,-2.129794
13.833965,4.649023,2.750976,0.016424,-1.224282,-0.085678,-0.014227,-2.456539,2.407961,0.355776,-0.442175,0.442175,0.145561,2.442537,-2.413023
13.877028,4.671454,2.714416,0.020249,-1.330069,0.018016,0.001094,-1.988724,-3.986771,-0.074875,-0.427245,0.427245,-0.039048,-3.988944,-1.984039
13.909545,4.682194,2.68373,0.019645,-1.394736,-0.111622,-0.001341,-6.075241,2.700868,0.140934,-0.424077,0.424077,-0.535791,2.708961,-6.033806
13.942614,4.688682,2.651517,0.023362,-1.595638,-0.022308,0.00332,2.075794,-0.280489,-0.011428,-0.424184,0.424184,0.034874,-0.273598,2.076197
14.009519,4.675635,2.585916,0.024958,-1.456758,-0.041074,0.002555,1.959491,0.338865,-0.020482,-0.451554,0.451554,0.059979,0.343866,1.956966
14.080615,4.666959,2.515396,0.027478,-1.317444,-0.016981,0.001099,1.960931,-0.830933,0.050926,-0.484859,0.484859,0.084224,-0.828778,1.96156
14.145544,4.66995,2.450544,0.028461,-1.190124,-0.070933,0.004405,1.721996,1.076997,-0.067003,-0.520126,0.520126,0.055041,1.084554,1.712905
14.210256,4.683224,2.387348,0.032678,-1.07869,-0.001238,7e-05,2.780215,0.258818,-0.004133,-0.561439,0.561439,-0.000692,0.259011,2.780195
14.276376,4.705818,2.325209,0.032755,-0.894862,0.015875,-0.000204,1.720056,-0.820061,-0.002574,-0.602199,0.602199,-0.029879,-0.820411,1.719672
14.347173,4.748619,2.268825,0.031639,-0.773087,-0.042183,-0.000386,0.304285,0.531383,0.005889,-0.650093,0.650093,0.018721,0.531265,0.30422
14.419188,4.801008,2.219508,0.034686,-0.751174,-0.003915,3.8e-05,-2.08152,-0.188394,0.014111,-0.700298,0.700298,0.005961,-0.188473,-2.081496
14.520507,4.873664,2.148893,0.035081,-0.962071,-0.023003,0.001468,-1.825096,0.087019,-0.001586,-0.671403,0.671403,-0.043566,0.08434,-1.824739
14.590697,4.904041,2.085635,0.036593,-1.090175,-0.016895,0.001357,-1.763548,0.992554,-0.082259,-0.620116,0.620116,-0.112054,0.990161,-1.764641
14.661274,4.920747,2.017072,0.037645,-1.214641,0.053156,-0.004449,-1.62697,-1.740634,0.136716,-0.574897,0.574897,0.223158,-1.733388,-1.6324
14.735566,4.923689,1.942908,0.034403,-1.335512,-0.07616,0.005708,-1.44589,2.362531,-0.160549,-0.524752,0.524752,-0.270562,2.354264,-1.45516
14.814581,4.913119,1.864741,0.039041,-1.44976,0.110515,-0.006978,-2.188749,-2.04862,0.292242,-0.480738,0.480738,0.533641,-2.033391,-2.189638
14.903842,4.890658,1.778676,0.031573,-1.645128,-0.072345,0.019108,-6.793057,3.164451,-3.016227,-0.435364,0.435364,-3.507245,3.03442,-6.834514
14.997842,4.861733,1.68954,0.038926,-2.283676,0.225113,-0.264418,10.961755,-7.787264,5.464066,-0.39244,0.39244,3.01722,-10.309158,8.278634
15.049368,4.813512,1.673483,0.030446,-1.718858,-0.176135,0.017125,2.320563,6.904257,-0.52154,-0.347632,0.347632,-0.114917,6.942368,2.166094
15.090814,4.802122,1.634362,0.038039,-1.622679,0.11002,-0.004491,1.099936,-4.003646,0.14848,-0.336878,0.336878,0.027709,-4.008515,1.075296
15.135841,4.796807,1.589941,0.032951,-1.573153,-0.070252,0.002195,2.905112,2.903397,-0.04274,-0.327564,0.327564,0.161182,2.909751,2.891566
15.179204,4.794405,1.546757,0.036071,-1.447178,0.055649,0.000342,1.933577,-1.881632,-0.018953,-0.321947,0.321947,-0.126499,-1.880972,1.931227
15.222759,4.80028,1.503669,0.033636,-1.362961,-0.026306,-0.000484,0.787274,-0.07865,0.001586,-0.323496,0.323496,0.022293,-0.07903,0.786963
15.275794,4.812969,1.452194,0.035049,-1.321209,-0.030477,-0.0004,1.052635,0.492129,0.006222,-0.33245,0.33245,0.038298,0.491709,1.052343
15.328181,4.827155,1.40179,0.03666,-1.266064,-0.004695,-7.4e-05,1.3279,-0.835874,-0.020107,-0.345087,0.345087,-0.013872,-0.835972,1.327824
15.383631,4.845341,1.349408,0.036923,-1.192432,-0.051044,-0.001189,1.448171,-1.559569,-0.112474,-0.358425,0.358425,-0.038586,-1.561287,1.44443
15.42219,4.861078,1.314262,0.038916,-1.136592,-0.11118,-0.005526,1.17591,2.208528,0.086727,-0.368379,0.368379,0.217196,2.202036,1.180835
15.457902,4.878656,1.28344,0.042961,-1.094597,-0.032309,-0.002428,-0.987488,-1.644913,-0.055475,-0.386269,0.386269,-0.087374,-1.642512,-0.990964
15.49538,4.899657,1.252423,0.044201,-1.131607,-0.093958,-0.004508,-0.118104,1.218051,0.077272,-0.40839,0.40839,0.066192,1.218568,-0.112091
15.536393,4.919971,1.217011,0.048127,-1.136451,-0.044002,-0.001338,0.187054,-0.31468,0.026961,-0.430418,0.430418,0.035189,-0.31493,0.186452
15.570304,4.935884,1.187105,0.049641,-1.130108,-0.054673,-0.000424,2.731009,0.778743,-0.00587,-0.453337,0.453337,0.143367,0.777586,2.727259
15.618067,4.956874,1.144282,0.052263,-0.999666,-0.017478,-0.000705,2.0773,-0.025585,-0.006951,-0.481631,0.481631,0.029353,-0.027049,2.076965
15.689883,4.999899,1.086793,0.053537,-0.850481,-0.019315,-0.001204,1.192771,0.363622,0.021086,-0.498734,0.498734,0.044123,0.362187,1.192985
15.769062,5.058146,1.033183,0.055087,-0.75604,0.009476,0.000466,1.55255,-0.528147,-0.026182,-0.511956,0.511956,-0.040893,-0.527423,1.552727
15.851072,5.122514,0.982371,0.054302,-0.628715,-0.033837,-0.001681,1.502143,0.692674,0.033297,-0.517676,0.517676,0.084116,0.690149,1.502446
15.938035,5.197126,0.937797,0.057264,-0.498083,0.0264,0.001214,1.358693,-0.438254,-0.018787,-0.519146,0.519146,-0.054653,-0.436604,1.358751
16.026886,5.278492,0.902181,0.05491,-0.377362,-0.012539,-0.000455,1.748675,-0.283481,-0.014264,-0.520961,0.520961,0.007662,-0.284276,1.748408
16.121458,5.368607,0.873516,0.056098,-0.211986,-0.039348,-0.001804,1.853636,0.458837,0.02194,-0.523572,0.523572,0.094859,0.455495,1.853025
16.217595,5.463938,0.861672,0.059868,-0.033783,0.004763,0.000305,0.870182,0.301998,0.013358,-0.522986,0.522986,0.009214,0.302264,0.87008
16.299427,5.545427,0.86914,0.059484,0.037426,0.029476,0.001398,0.651139,-0.571717,-0.023796,-0.512616,0.512616,-0.042986,-0.570806,0.651655
16.380127,5.625392,0.879748,0.057129,0.089972,-0.016662,-0.000522,0.286018,0.391832,0.009497,-0.508381,0.508381,0.014262,0.391683,0.286183
16.465817,5.710071,0.892797,0.058549,0.114481,0.016914,0.000292,0.335755,-0.176252,-0.003235,-0.504057,0.504057,-0.008914,-0.176154,0.335758
16.548654,5.791976,0.905104,0.057151,0.142294,0.002314,2.4e-05,0.205382,0.235803,0.001336,-0.504484,0.504484,0.000861,0.235808,0.205376
16.637335,5.879484,0.919486,0.056946,0.160508,0.023226,0.000142,0.053655,-0.487633,-0.001587,-0.505076,0.505076,-0.002833,-0.487625,0.05371
16.729973,5.970717,0.935409,0.054796,0.165478,-0.021947,-5e-06,-0.156718,0.421462,-0.001919,-0.505173,0.505173,-0.005359,0.421463,-0.156679
16.828537,6.067904,0.951684,0.056959,0.150031,0.019594,-0.000194,-0.062759,-0.571486,0.004552,-0.505282,0.505282,0.005782,-0.571474,-0.062858
16.935734,6.174172,0.965612,0.054858,0.143304,-0.041668,0.000294,-0.026225,0.623049,-0.003408,-0.50383,0.50383,-0.004501,0.623041,-0.026385
17.045672,6.283099,0.979769,0.059439,0.140421,0.026829,-8.1e-05,0.233796,-0.467829,-4.9e-05,-0.499878,0.499878,-0.006321,-0.467848,0.233674
17.14817,6.384634,0.993499,0.056689,0.164384,-0.021123,-8.6e-05,-0.058837,0.313988,0.001047,-0.499518,0.499518,-0.000195,0.313993,-0.058797
17.256636,6.491467,1.012115,0.058979,0.158002,0.012935,2.8e-05,-0.033477,-0.249643,-0.000284,-0.500039,0.500039,0.000149,-0.249644,-0.033467
17.366134,6.599517,1.029809,0.057563,0.154337,-0.014401,-3e-06,-0.014682,-0.024778,4.2e-05,-0.500468,0.500468,-0.000169,-0.024778,-0.014681
17.475092,6.707161,1.046604,0.059132,0.152737,-0.017101,1e-06,0.188992,-0.065127,-0.001848,-0.500341,0.500341,0.001384,-0.065127,0.188964
17.586613,6.81737,1.063552,0.061039,0.173813,-0.024364,-0.000205,0.056019,0.008774,0.000394,-0.50048,0.50048,0.001759,0.008763,0.056004
17.694394,6.923166,1.083975,0.063662,0.179851,-0.023418,-0.000162,0.026359,0.099564,0.001127,-0.504446,0.504446,0.001744,0.09956,0.026368
17.801803,7.028536,1.10465,0.066175,0.182682,-0.012724,-4.1e-05,-0.102722,0.117914,0.00034,-0.50877,0.50877,-0.000967,0.117918,-0.102709
17.915332,7.140031,1.125999,0.067619,0.17102,0.000663,-3e-06,0.095204,-0.093261,-4e-06,-0.512765,0.512765,-6.7e-05,-0.093262,0.095204
18.029973,7.253151,1.144613,0.067543,0.181935,-0.010029,-3e-06,-0.03119,0.274021,0.000411,-0.512184,0.512184,9.8e-05,0.274021,-0.031187
18.142255,7.363561,1.164995,0.068669,0.178433,0.020739,4.3e-05,0.012612,-0.181176,-0.000373,-0.509253,0.509253,-0.000635,-0.181176,0.012617
18.255794,7.475188,1.185607,0.066315,0.179865,0.000168,1e-06,-0.00641,0.29431,0.001138,-0.505727,0.505727,0.001139,0.29431,-0.00641
18.36288,7.580398,1.205573,0.066297,0.179178,0.031685,0.000123,0.029177,-0.060619,-0.000474,-0.502557,0.502557,-0.001398,-0.060616,0.02917
18.471038,7.686618,1.225663,0.062872,0.182334,0.025128,7.1e-05,-0.024818,-0.475065,-0.000711,-0.499523,0.499523,-8.7e-05,-0.475067,-0.024776
18.581316,7.794918,1.246269,0.060102,0.179597,-0.027261,-7e-06,0.086919,0.275305,0.000282,-0.496137,0.496137,0.002651,0.275304,0.086889
18.692481,7.904244,1.266176,0.063132,0.18926,0.003344,2.4e-05,-0.042129,-0.209669,-0.000223,-0.491681,0.491681,-8.2e-05,-0.20967,-0.042124
18.799943,8.009481,1.287926,0.062773,0.184732,-0.019188,0.0,0.122748,-0.006188,0.000234,-0.485167,0.485167,0.002589,-0.006188,0.122725
18.908249,8.115925,1.307813,0.064851,0.198027,-0.019858,2.6e-05,0.033925,0.728659,-0.002757,-0.481271,0.481271,-0.002084,0.72866,0.0339
19.013139,8.218798,1.32818,0.066934,0.201585,0.056572,-0.000264,-0.006465,-1.135489,0.005005,-0.478004,0.478004,0.00537,-1.135487,-0.006754
19.122663,8.326131,1.349077,0.060739,0.200877,-0.067792,0.000285,-0.010828,0.970204,-0.004147,-0.473888,0.473888,-0.00488,0.970201,-0.01108
19.229549,8.430802,1.36948,0.067982,0.199719,0.03591,-0.000159,0.164984,-0.49885,0.000867,-0.469545,0.469545,-0.005056,-0.498876,0.164798
19.333627,8.532922,1.389216,0.064244,0.216891,-0.016009,-6.8e-05,-0.170652,0.7821,-0.006323,-0.465524,0.465524,-0.009055,0.782112,-0.170576
19.42638,8.623317,1.409949,0.065728,0.201062,0.056534,-0.000655,0.337993,-0.954654,0.009485,-0.465382,0.465382,-0.009613,-0.954875,0.336827
19.511029,8.706494,1.424919,0.060942,0.229673,-0.024276,0.000148,0.355739,0.741458,-0.003364,-0.465365,0.465365,0.005271,0.741511,0.355524
19.587859,8.781491,1.441496,0.062808,0.257004,0.03269,-0.000111,0.673513,-0.057638,-0.001582,-0.470364,0.470364,-0.023595,-0.057712,0.673147
19.680101,8.870811,1.464328,0.059792,0.31913,0.027373,-0.000256,0.944269,-0.030444,0.000124,-0.477985,0.477985,-0.02572,-0.030686,0.943907
19.764768,8.951653,1.489386,0.057472,0.399079,0.024796,-0.000246,1.140629,0.182297,0.002211,-0.488839,0.488839,-0.026069,0.182016,1.140323
19.843173,9.024457,1.518421,0.055525,0.48851,0.039088,-7.3e-05,0.653459,-0.533774,0.000967,-0.503505,0.503505,-0.024569,-0.533821,0.652921
19.916198,9.089018,1.552427,0.05267,0.536229,0.000109,-2e-06,1.154811,0.667846,-0.00732,-0.529097,0.529097,-0.007446,0.667844,1.154813
19.989102,9.15296,1.587446,0.052662,0.620419,0.048798,-0.000536,0.492513,-0.803431,0.011187,-0.557185,0.557185,-0.012837,-0.803694,0.491496
20.06712,9.217322,1.631377,0.048845,0.658843,-0.013884,0.000337,0.918063,1.491711,-0.036071,-0.595818,0.595818,-0.023325,1.49202,0.917472
20.146388,9.282167,1.676953,0.049952,0.731617,0.104361,-0.002522,0.458261,-2.345869,0.062821,-0.637002,0.637002,0.015083,-2.347011,0.449849
20.207299,9.329044,1.715318,0.043564,0.75953,-0.038528,0.001304,-0.725387,2.732116,-0.199055,-0.670621,0.670621,-0.226995,2.731168,-0.728412
20.263452,9.37207,1.751336,0.045746,0.718797,0.11489,-0.009873,3.210862,-2.079412,0.164545,-0.70526,0.70526,-0.20354,-2.110803,3.169008
20.323925,9.422453,1.784042,0.038765,0.912965,-0.010857,7.7e-05,0.957448,0.529847,-0.010622,-0.746389,0.746389,-0.000227,0.529921,0.957351
20.44649,9.498729,1.879971,0.0401,1.030315,0.054083,-0.001225,1.160392,-0.091814,0.000707,-0.76874,0.76874,-0.062021,-0.093233,1.158582
20.572473,9.567937,1.985016,0.033219,1.176505,0.042516,-0.001136,1.117195,-0.148814,0.00231,-0.793365,0.793365,-0.045175,-0.150081,1.116016
20.701932,9.623341,2.101888,0.027638,1.321136,0.023251,-0.000837,1.327031,0.043994,-0.000512,-0.813478,0.813478,-0.031364,0.042884,1.326708
20.830588,9.662786,2.22431,0.024583,1.491866,0.028911,-0.000902,1.076073,-0.109379,0.00362,-0.839037,0.839037,-0.027486,-0.11035,1.075524
20.970941,9.681334,2.36337,0.020432,1.642896,0.013559,-0.000394,1.118879,0.040353,-0.001036,-0.864006,0.864006,-0.016207,0.039912,1.118792
21.1171,9.681135,2.509517,0.018521,1.806431,0.019457,-0.000546,2.223691,0.063176,0.016995,-0.896284,0.896284,-0.026269,0.061962,2.223304
21.270862,9.655075,2.661027,0.015615,2.14835,0.029171,0.002067,1.046094,0.235667,0.018312,-0.928109,0.928109,-0.0122,0.237828,1.04516
21.383123,9.583369,2.747337,0.012277,2.265785,0.055627,0.004123,1.203045,-0.662279,-0.052665,-0.909667,0.909667,-0.119552,-0.657321,1.203905
21.499841,9.498352,2.827036,0.005692,2.406202,-0.021673,-0.002024,0.812326,0.410636,0.035765,-0.885865,0.885865,0.053369,0.408991,0.812965
21.610713,9.405816,2.888059,0.008111,2.496266,0.023855,0.001942,1.214161,-0.23101,-0.018987,-0.85971,0.85971,-0.047949,-0.228653,1.214261
21.72033,9.310002,2.941245,0.005485,2.629359,-0.001467,-0.00014,0.746816,0.039995,0.003369,-0.828783,0.828783,0.004465,0.039891,0.74682
21.824471,9.212162,2.976919,0.005637,2.707133,0.002698,0.000211,1.08457,-0.048431,-0.00385,-0.803004,0.803004,-0.006776,-0.048202,1.084577
21.91753,9.12312,3.003963,0.005387,2.808062,-0.001809,-0.000147,1.036885,-0.230397,-0.017957,-0.780787,0.780787,-0.016082,-0.230549,1.036849
22.025801,9.01672,3.024001,0.005581,2.920327,-0.026754,-0.002091,1.151867,0.198943,0.015375,-0.755546,0.755546,0.046189,0.196534,1.151869
22.130675,8.912183,3.031941,0.008349,3.041128,-0.00589,-0.000479,0.612739,-0.109307,-0.005527,-0.728714,0.728714,-0.001917,-0.1096,0.612676
22.23899,8.80403,3.026067,0.008974,3.107497,-0.01773,-0.001078,0.747351,0.093948,0.006157,-0.702414,0.702414,0.019407,0.093143,0.747335
22.346053,8.697368,3.016993,0.010847,-3.095675,-0.007672,-0.000418,0.718056,0.200903,0.01002,-0.679952,0.679952,0.015528,0.200602,0.718119
22.449204,8.595446,3.00113,0.011628,-3.021606,0.013052,0.000615,0.543934,-0.538637,-0.019158,-0.657864,0.657864,-0.026258,-0.538303,0.544218
22.549772,8.497202,2.97968,0.010331,-2.966904,-0.041117,-0.001312,0.964547,0.311079,0.009454,-0.640321,0.640321,0.049103,0.309815,0.964139
22.653986,8.39604,2.955002,0.014585,-2.866384,-0.008698,-0.000326,0.09391,-0.109246,-0.000634,-0.624679,0.624679,0.000183,-0.109276,0.093871
22.748859,8.306994,2.922279,0.015401,-2.857474,-0.019063,-0.000386,0.004852,-0.207231,0.000391,-0.606279,0.606279,0.000484,-0.207233,0.004771
22.846943,8.214071,2.890937,0.017262,-2.856999,-0.039389,-0.000348,0.165498,0.622608,0.005417,-0.593766,0.593766,0.011934,0.62255,0.165586
22.940314,8.125004,2.863153,0.020933,-2.841546,0.018745,0.000158,-0.081051,-0.243936,-0.001545,-0.588904,0.588904,-2.6e-05,-0.243949,-0.080998
23.037244,8.03292,2.832942,0.019119,-2.849402,-0.0049,8e-06,-0.1071,-0.177541,0.000697,-0.581723,0.581723,0.000173,-0.177541,-0.107098
23.142939,7.931607,2.80283,0.019637,-2.860722,-0.023665,8.2e-05,-0.118058,0.532298,-0.003309,-0.573521,0.573521,-0.006103,0.532288,-0.118069
23.245376,7.833018,2.775123,0.022062,-2.872815,0.030862,-0.000257,-0.068343,-0.413388,0.002702,-0.564638,0.564638,0.004811,-0.41337,-0.068416
23.361426,7.720694,2.746174,0.018478,-2.880747,-0.017112,5.6e-05,-0.088054,0.445775,-0.001527,-0.556,0.556,-0.003033,0.44577,-0.088066
23.47552,7.610285,2.71748,0.020431,-2.890793,0.033748,-0.000118,-0.013401,-0.768425,0.000703,-0.5455,0.5455,0.001155,-0.768424,-0.013484
23.585844,7.503286,2.69086,0.016707,-2.892271,-0.051028,-4e-05,-0.138423,0.61475,0.00033,-0.534989,0.534989,-0.00673,0.614755,-0.138218
23.691883,7.4007,2.664567,0.022115,-2.90695,0.01416,-5e-06,0.014421,-0.889821,-0.004473,-0.525207,0.525207,-0.004677,-0.889821,0.014414
23.793719,7.301647,2.640966,0.020673,-2.905481,-0.076457,-0.000461,-0.081543,0.063963,0.003069,-0.517748,0.517748,-0.003159,0.064,-0.081275
23.887749,7.210765,2.617933,0.027849,-2.913148,-0.070442,-0.000172,0.049054,-1.543944,-0.020659,-0.514321,0.514321,-0.017206,-1.543953,0.048667
23.984988,7.116395,2.595505,0.034691,-2.908378,-0.220574,-0.002181,-0.272667,0.659627,0.025801,-0.508782,0.508782,-0.033856,0.660206,-0.264622
24.074248,7.032065,2.573699,0.054191,-2.932717,-0.161696,0.000122,-0.016516,-0.182433,0.001775,-0.50611,0.50611,-0.000884,-0.182435,-0.016279
24.156978,6.952163,2.556888,0.067511,-2.934083,-0.176789,0.000269,-0.033388,0.097079,0.000517,-0.505597,0.505597,-0.005355,0.09707,-0.032893
24.238493,6.873591,2.540594,0.081849,-2.936805,-0.168875,0.000311,-0.029176,0.519003,-0.000879,-0.504748,0.504748,-0.005783,0.518994,-0.028923
24.325814,6.789248,2.523398,0.096528,-2.939352,-0.123555,0.000234,-0.120592,0.052901,0.000961,-0.505096,0.505096,-0.013901,0.052873,-0.119685
24.416986,6.700547,2.505561,0.107766,-2.950347,-0.118732,0.000322,-0.060044,-0.374652,-0.002545,-0.506078,0.506078,-0.009657,-0.374671,-0.0595
24.512731,6.607113,2.487994,0.11911,-2.956096,-0.154603,7.8e-05,-0.067044,0.30556,-0.001737,-0.506981,0.506981,-0.012061,0.305554,-0.066268
24.608131,6.514451,2.470702,0.133801,-2.962492,-0.125453,-8.8e-05,0.029661,-0.403431,-0.007152,-0.508592,0.508592,-0.003441,-0.403434,0.029393
24.707094,6.41786,2.453076,0.146183,-2.959556,-0.165378,-0.000795,-0.041829,0.267498,0.002746,-0.510134,0.510134,-0.004141,0.267531,-0.041046
24.805666,6.322413,2.434556,0.162402,-2.96368,-0.139011,-0.000525,-0.111807,-0.525169,-0.001224,-0.511657,0.511657,-0.016716,-0.525111,-0.111004
24.907399,6.223388,2.415977,0.176493,-2.975054,-0.192438,-0.000649,-0.002196,0.594409,-0.001373,-0.512744,0.512744,-0.001793,0.59441,-0.001769
25.004861,6.129156,2.399484,0.195127,-2.975268,-0.134505,-0.000783,-0.192227,-0.43834,0.019056,-0.513209,0.513209,-0.006721,-0.438191,-0.190834
25.102027,6.034387,2.382436,0.208149,-2.993946,-0.177097,0.001069,0.091031,0.715297,-0.013777,-0.514298,0.514298,0.002261,0.715393,0.088842
25.22684,5.912657,2.365822,0.230144,-2.982584,-0.087819,-0.000651,-0.083017,-0.474888,0.00075,-0.51107,0.51107,-0.006532,-0.474834,-0.083006
25.356981,5.784971,2.343395,0.241549,-2.993388,-0.149622,-0.000553,-0.090199,0.044433,-0.002752,-0.503182,0.503182,-0.016198,0.044483,-0.089167
25.476834,5.667888,2.325028,0.259409,-3.004199,-0.144296,-0.000883,-0.127797,-0.367714,-0.00793,-0.492085,0.492085,-0.026307,-0.367602,-0.126794
25.589849,5.557296,2.308354,0.275651,-3.018642,-0.185853,-0.001779,0.047824,0.386336,0.005812,-0.481308,0.481308,0.014649,0.386252,0.047688
25.696049,5.453974,2.293572,0.295257,-3.013563,-0.144825,-0.001162,-0.163332,-0.894402,0.00744,-0.470573,0.470573,-0.016132,-0.894214,-0.162661
25.792624,5.359399,2.279849,0.309184,-3.029337,-0.231201,-0.000444,-1.056387,-1.78044,0.197215,-0.462457,0.462457,-0.044853,-1.779983,-1.029068
25.874127,5.280598,2.27066,0.327858,-3.115435,-0.376313,0.01563,2.515018,1.596993,-0.378771,-0.457215,0.457215,0.545482,1.633356,2.313787
25.923408,5.234797,2.273186,0.345873,-2.991494,-0.297612,-0.003036,0.305664,2.434126,0.053726,-0.469502,0.469502,0.143358,2.433228,0.299616
25.988235,5.173712,2.262674,0.364862,-2.971679,-0.139815,0.000447,0.021634,-0.027684,0.003764,-0.486276,0.486276,0.006778,-0.027674,0.021435
26.122841,5.042198,2.240972,0.383625,-2.968767,-0.143542,0.000953,-0.080347,-0.015112,0.009408,-0.488788,0.488788,-0.002085,-0.015188,-0.079506
26.2548,4.913258,2.220214,0.402509,-2.979369,-0.145536,0.002195,0.095125,0.100703,-0.015466,-0.490666,0.490666,-0.00167,0.10091,0.093898
26.386537,4.784054,2.203013,0.42162,-2.966838,-0.132269,0.000157,-0.079343,-0.025162,0.011974,-0.489468,0.489468,0.00151,-0.025175,-0.078646
26.529505,4.644436,2.178704,0.440477,-2.978181,-0.135867,0.001869,0.011187,-0.018192,-0.010683,-0.481113,0.481113,-0.009167,-0.018171,0.011118
26.686627,4.490203,2.157577,0.461767,-2.976423,-0.138725,0.000191,-0.354698,-0.459034,0.037082,-0.464409,0.464409,-0.011966,-0.459101,-0.351203
26.847855,4.332626,2.131756,0.484064,-3.033611,-0.212734,0.00617,-0.20243,-0.107812,-0.009247,-0.436238,0.436238,-0.051987,-0.10903,-0.197198
26.981676,4.201982,2.125099,0.512272,-3.0607,-0.227162,0.004932,-0.001693,-0.203869,0.036316,-0.409905,0.409905,0.035934,-0.203874,-0.000644
27.046154,4.139202,2.122714,0.52678,-3.060809,-0.240307,0.007274,1.348268,4.100794,-0.103599,-0.403393,0.403393,0.217289,4.11021,1.279663
27.116873,4.070521,2.121259,0.543574,-2.965461,0.049697,-5.3e-05,-0.215756,1.009729,-0.031018,-0.395361,0.395361,-0.0203,1.00974,-0.215436
27.207672,3.981204,2.105558,0.539063,-2.985052,0.14138,-0.002869,0.323946,-0.851752,0.027816,-0.396517,0.396517,-0.017831,-0.852669,0.318269
27.303807,3.886672,2.094499,0.525517,-2.953909,0.059496,-0.000195,0.395897,0.136176,0.003462,-0.401543,0.401543,-0.020078,0.136098,0.395223
27.408235,3.784136,2.075719,0.519306,-2.912566,0.073717,0.000167,-0.11133,-0.281697,-0.002527,-0.412094,0.412094,0.005672,-0.281716,-0.110981
27.51978,3.675913,2.049975,0.511093,-2.924985,0.042294,-0.000115,-0.259485,-0.130294,-0.001665,-0.420264,0.420264,0.009307,-0.130264,-0.259268
27.631264,3.567003,2.026629,0.506378,-2.953913,0.027769,-0.000301,0.095699,-0.182449,0.002328,-0.42822,0.42822,-0.000329,-0.182478,0.095607
27.744041,3.455822,2.007985,0.503245,-2.943121,0.007193,-3.8e-05,-0.149023,-0.151522,0.002075,-0.436278,0.436278,0.003147,-0.151516,-0.149025
27.879677,3.322574,1.98266,0.502269,-2.963334,-0.013359,0.000243,-0.2003,-0.076805,-0.000969,-0.453602,0.453602,-0.003645,-0.076854,-0.200263
28.029344,3.174432,1.961438,0.504269,-2.993312,-0.024854,9.8e-05,-0.054427,0.090136,-0.000603,-0.463615,0.463615,-0.001956,0.090131,-0.054419
28.189095,3.016303,1.939087,0.50824,-3.002007,-0.010455,2e-06,0.075491,0.13829,0.000509,-0.467105,0.467105,0.001298,0.13829,0.075486
28.330939,2.87584,1.919396,0.509723,-2.991299,0.009161,7.4e-05,0.441279,-0.297678,-0.007917,-0.469306,0.469306,-0.011959,-0.297645,0.441283
28.46391,2.744713,1.897366,0.508506,-2.932622,-0.030422,-0.000979,0.069625,0.024594,0.001326,-0.443883,0.443883,0.003444,0.024525,0.069617
28.600074,2.613701,1.860492,0.512616,-2.923141,-0.027073,-0.000798,-0.263153,-0.34763,-0.005332,-0.430608,0.430608,-0.012456,-0.34742,-0.263334
28.735058,2.48396,1.823413,0.516245,-2.958663,-0.073998,-0.001518,-0.220103,0.399909,0.006168,-0.415251,0.415251,-0.010104,0.400242,-0.218893
28.866369,2.356288,1.794281,0.525918,-2.987564,-0.021485,-0.000708,0.407097,1.183963,0.029555,-0.407274,0.407274,0.038301,1.183675,0.407842
28.973711,2.251571,1.770794,0.528208,-2.943866,0.105604,0.002464,-0.112311,1.16306,0.007977,-0.398272,0.398272,0.019816,1.162781,-0.114551
29.065189,2.163314,1.748737,0.518609,-2.95414,0.211998,0.003194,-0.19522,0.436807,-0.023586,-0.397208,0.397208,0.017491,0.436195,-0.192243
29.168641,2.064553,1.726892,0.49689,-2.974336,0.257186,0.000754,-0.463621,0.121201,-0.038582,-0.395442,0.395442,0.079345,0.120862,-0.448463
29.293474,1.945629,1.706098,0.465146,-3.03221,0.272316,-0.004062,-0.017118,-0.921631,0.016219,-0.420065,0.420065,0.020823,-0.921556,-0.020231
29.429617,1.81492,1.695634,0.42853,-3.034541,0.146842,-0.001854,0.100815,0.366257,0.007084,-0.431521,0.431521,-0.007667,0.366072,0.100409
29.560767,1.685617,1.685012,0.40934,-3.021319,0.194877,-0.000925,0.016845,-0.426507,-0.003636,-0.443031,0.443031,-0.006898,-0.426522,0.016132
29.686405,1.563114,1.67138,0.385006,-3.019203,0.141291,-0.001382,0.005434,-0.19944,0.000247,-0.44403,0.44403,-0.000518,-0.199447,0.005104
29.806859,1.444493,1.659126,0.36804,-3.018548,0.117268,-0.001352,0.126505,0.181318,0.006733,-0.442204,0.442204,-0.008068,0.181148,0.125881
29.934187,1.318672,1.646486,0.35314,-3.00244,0.140354,-0.000495,0.007146,-0.003131,0.003412,-0.441038,0.441038,0.002412,-0.003135,0.007074
30.064653,1.190615,1.629468,0.334885,-3.001508,0.139946,-5e-05,0.066109,0.078488,-0.005148,-0.44117,0.44117,-0.01437,0.078485,0.065466
30.188524,1.069146,1.612427,0.317606,-2.993319,0.149668,-0.000687,0.006915,0.268606,0.001688,-0.442164,0.442164,0.000657,0.268602,0.007022
30.313165,0.94709,1.595336,0.299016,-2.992457,0.183148,-0.000477,0.153448,-0.178222,0.003514,-0.442894,0.442894,-0.024433,-0.178294,0.150797
30.452398,0.811602,1.575696,0.273654,-2.971092,0.158333,1.2e-05,0.022476,0.453344,-0.003172,-0.44271,0.44271,-0.006716,0.453344,0.02219
30.577931,0.68944,1.554644,0.253861,-2.968271,0.215243,-0.000386,-0.125733,-0.441866,-0.002812,-0.439046,0.439046,0.024043,-0.441818,-0.123002
30.692385,0.579235,1.535754,0.229412,-2.982661,0.16467,-0.000708,0.005726,-0.051853,-0.002971,-0.437423,0.437423,-0.00391,-0.051857,0.005612
30.83346,0.44164,1.514906,0.20628,-2.981854,0.157355,-0.001127,0.054446,0.213093,-0.003296,-0.444397,0.444397,-0.011828,0.213032,0.054013
30.972727,0.305547,1.494965,0.184448,-2.974271,0.187032,-0.001586,0.100108,-0.228827,0.004969,-0.451122,0.451122,-0.013646,-0.228982,0.097999
31.108648,0.173509,1.474943,0.159164,-2.960664,0.155929,-0.000911,0.158977,0.50105,-0.008782,-0.457248,0.457248,-0.03347,0.500907,0.157504
31.242487,0.043185,1.452665,0.138371,-2.939387,0.22299,-0.002086,0.098041,-0.568124,-0.002772,-0.460812,0.460812,-0.024454,-0.568322,0.094429
31.365565,-0.074823,1.430742,0.111137,-2.92732,0.153066,-0.002427,0.307282,-0.006305,0.003781,-0.466086,0.466086,-0.04307,-0.007042,0.303673
31.495114,-0.200718,1.407446,0.091371,-2.887512,0.152249,-0.001937,0.552398,0.157831,0.010269,-0.47294,0.47294,-0.073508,0.156773,0.546313
31.632327,-0.332802,1.376668,0.070541,-2.811716,0.173906,-0.000528,0.660831,-0.250918,0.005942,-0.481473,0.481473,-0.108402,-0.251262,0.65073
31.736527,-0.430094,1.344012,0.052503,-2.742857,0.14776,9.1e-05,1.070663,0.14004,0.019251,-0.484944,0.484944,-0.138375,0.140136,1.058984
31.835423,-0.520193,1.305922,0.037945,-2.636973,0.161609,0.001995,1.261582,-1.797863,-0.023934,-0.492534,0.492534,-0.226931,-1.795376,1.248727
31.933538,-0.603767,1.256987,0.022217,-2.513192,-0.014788,-0.000353,1.702798,0.333666,0.01259,-0.507581,0.507581,0.03777,0.333064,1.70273
32.02573,-0.675534,1.199135,0.023566,-2.356209,0.015973,0.000807,0.600691,-0.085618,-0.003822,-0.529948,0.529948,-0.013417,-0.085133,0.600683
32.168176,-0.763999,1.087509,0.021372,-2.270642,0.003777,0.000263,-0.117614,-0.044965,-0.003145,-0.570242,0.570242,-0.0027,-0.044996,-0.117601
32.35806,-0.85948,0.92338,0.020702,-2.292975,-0.004761,-0.000334,1.395157,-0.138549,-0.010799,-0.624817,0.624817,-0.004157,-0.139015,1.395095
32.452643,-0.908828,0.842692,0.021123,-2.161017,-0.017865,-0.001356,1.235147,-0.127326,-0.008291,-0.630112,0.630112,0.013774,-0.129,1.234776
32.547352,-0.944449,0.75495,0.022665,-2.044037,-0.029924,-0.002141,1.311825,0.071575,0.005985,-0.627921,0.627921,0.045234,0.068768,1.311388
32.639584,-0.969101,0.666109,0.025167,-1.923045,-0.023323,-0.001589,1.209401,0.165754,0.012143,-0.616467,0.616467,0.040347,0.163832,1.209334
32.727449,-0.981895,0.5792,0.027007,-1.816781,-0.008759,-0.000522,5.443789,0.26274,0.083483,-0.596872,0.596872,0.131163,0.259899,5.443717
32.810006,-0.987356,0.496826,0.027664,-1.367359,0.012932,0.00637,59.337491,-0.923682,-81.398982,-0.575012,0.575012,-82.166331,-0.545707,59.337209
32.848484,-0.967935,0.463614,0.027133,0.915832,-0.022609,-3.125704,-46.135709,0.325012,64.744051,-0.56961,0.56961,63.701047,0.407837,46.12326
32.896759,-0.924867,0.485401,0.028086,-1.31136,-0.006919,-0.000198,1.816515,-0.017484,-0.001332,-0.609646,0.609646,0.011237,-0.017844,1.816468
32.999857,-0.893389,0.387228,0.028812,-1.124079,-0.008722,-0.000336,1.396612,-0.102103,-0.001699,-0.607359,0.607359,0.010481,-0.102572,1.396525
33.100822,-0.843736,0.299321,0.029708,-0.983071,-0.019031,-0.000507,1.478573,0.107046,0.002902,-0.603101,0.603101,0.031039,0.106296,1.478359
33.20441,-0.782146,0.216056,0.031701,-0.829909,-0.007942,-0.000207,1.441733,-0.364566,-0.00994,-0.602471,0.602471,0.00151,-0.364863,1.441612
33.310904,-0.706533,0.141068,0.032554,-0.676372,-0.046766,-0.001265,1.208194,0.602093,0.014229,-0.604979,0.604979,0.070711,0.600566,1.207634
33.422417,-0.616217,0.075872,0.037801,-0.541643,0.020375,0.000322,0.889468,-0.164295,-0.002857,-0.602044,0.602044,-0.020978,-0.164009,0.889336
33.53909,-0.514464,0.018834,0.035416,-0.437866,0.001206,-1.2e-05,1.976211,-0.234341,-0.007703,-0.606811,0.606811,-0.010086,-0.234365,1.976206
33.66379,-0.402589,-0.036246,0.035266,-0.191433,-0.028016,-0.000972,0.848598,0.574872,0.015329,-0.625084,0.625084,0.0391,0.574047,0.848823
33.765023,-0.302169,-0.048733,0.038098,-0.105527,0.03018,0.00058,0.847346,-0.691909,-0.012914,-0.618347,0.618347,-0.038483,-0.691418,0.847361
33.863957,-0.203505,-0.055395,0.035114,-0.021696,-0.038273,-0.000698,0.575195,0.402721,0.007192,-0.620569,0.620569,0.029201,0.402319,0.575055
33.970129,-0.097421,-0.053837,0.039172,0.039374,0.004484,6.5e-05,0.299038,-0.194369,-0.001556,-0.62663,0.62663,-0.002897,-0.19435,0.299048
34.078409,0.010603,-0.046417,0.038687,0.071754,-0.016562,-0.000103,0.252119,0.094608,0.000467,-0.630604,0.630604,0.004642,0.094582,0.252094
34.185687,0.117486,-0.037394,0.040463,0.098801,-0.006413,-5.3e-05,0.050482,0.024524,0.000358,-0.63813,0.63813,0.000682,0.024521,0.050483
34.297419,0.228473,-0.024533,0.041179,0.104441,-0.003673,-1.3e-05,0.011983,-0.086592,0.000124,-0.644305,0.644305,0.000168,-0.086593,0.011982
34.414532,0.344857,-0.011498,0.041609,0.105845,-0.013814,2e-06,-0.045398,0.088202,-1.6e-05,-0.649049,0.649049,-0.000643,0.088202,-0.045394
34.535068,0.464711,0.001209,0.043274,0.100372,-0.003182,-0.0,0.02436,-0.022307,4.7e-05,-0.65845,0.65845,0.000125,-0.022307,0.02436
34.654487,0.583525,0.013207,0.043654,0.103281,-0.005846,5e-06,0.123458,-0.133804,-0.000925,-0.665603,0.665603,-0.000203,-0.133804,0.123456
34.774906,0.703322,0.025407,0.044358,0.118148,-0.021959,-0.000106,0.054187,0.261077,0.001196,-0.670256,0.670256,0.002386,0.261072,0.054201
34.893365,0.820786,0.040505,0.046958,0.124567,0.008968,3.6e-05,-0.046724,-0.109978,-0.0002,-0.674124,0.674124,0.000219,-0.109979,-0.046718
35.012267,0.938641,0.056212,0.045892,0.119011,-0.004108,1.2e-05,0.057558,0.04579,-0.000123,-0.677835,0.677835,0.000114,0.045791,0.057557
35.134442,1.060032,0.070024,0.046394,0.126044,0.001486,-3e-06,0.026293,-0.179031,0.000129,-0.682682,0.682682,9e-05,-0.179031,0.026292
35.256896,1.18158,0.084888,0.046212,0.129263,-0.020437,1.3e-05,0.056126,0.158829,-0.000106,-0.686193,0.686193,0.001041,0.158829,0.056112
35.381723,1.30536,0.100823,0.048763,0.136269,-0.000611,-1e-06,0.023399,-0.109724,-1.3e-05,-0.687793,0.687793,1e-06,-0.109724,0.023399
35.506163,1.428606,0.118016,0.048839,0.139181,-0.014265,-2e-06,-0.068601,0.135826,-8.7e-05,-0.688122,0.688122,-0.001066,0.135826,-0.068594
35.629198,1.550434,0.135124,0.050594,0.130741,0.002447,-1.3e-05,0.031104,-0.035086,0.000157,-0.688037,0.688037,8.1e-05,-0.035087,0.031103
35.749743,1.670111,0.149561,0.050299,0.13449,-0.001783,6e-06,0.115266,-0.191858,-0.000351,-0.688103,0.688103,-0.000146,-0.191858,0.115267
35.867512,1.786917,0.164583,0.050509,0.148065,-0.024378,-3.5e-05,0.072986,0.272774,0.00039,-0.687697,0.687697,0.002169,0.272772,0.072974
35.986458,1.904475,0.182468,0.053408,0.156746,0.008068,1.1e-05,0.132011,-0.488656,-0.00201,-0.686701,0.686701,-0.003075,-0.488654,0.132012
36.106829,2.023315,0.201581,0.052437,0.172636,-0.050752,-0.000231,0.191272,0.835815,0.003837,-0.683831,0.683831,0.01354,0.835771,0.191218
36.222159,2.1366,0.222401,0.058285,0.194696,0.045643,0.000212,0.270116,-0.751529,-0.004843,-0.681711,0.681711,-0.017168,-0.751472,0.269994
36.336364,2.248321,0.245512,0.053077,0.225544,-0.040185,-0.000342,0.318542,0.390924,0.003255,-0.67678,0.67678,0.016052,0.390815,0.318419
36.447195,2.355818,0.272119,0.057524,0.260849,0.003141,1.9e-05,0.956768,-0.05355,-0.000956,-0.668605,0.668605,-0.003961,-0.053532,0.956764
36.557452,2.461988,0.301858,0.057178,0.366339,-0.002763,-8.6e-05,1.043589,-0.008093,-0.000821,-0.65968,0.65968,0.002062,-0.008183,1.043584
36.684669,2.577584,0.354978,0.057526,0.499101,-0.003793,-0.000191,1.207679,0.003221,-0.00026,-0.636558,0.636558,0.004321,0.002991,1.207671
36.800665,2.672853,0.421149,0.057955,0.639187,-0.003419,-0.000221,1.222496,0.290608,0.019211,-0.607444,0.607444,0.023391,0.290338,1.222553
36.909885,2.750066,0.498396,0.058312,0.772708,0.028321,0.001877,1.274966,0.086198,0.00538,-0.576007,0.576007,-0.030724,0.08859,1.274291
37.018647,2.815079,0.58554,0.055398,0.911376,0.037696,0.002462,1.273345,-0.209816,-0.014265,-0.540409,0.540409,-0.062253,-0.206682,1.272954
37.128633,2.867489,0.682157,0.05151,1.051426,0.014619,0.000894,1.433201,0.247561,0.014616,-0.507808,0.507808,-0.006335,0.248841,1.432826
37.23781,2.906058,0.784285,0.050019,1.207899,0.041647,0.002489,1.24518,0.050142,0.003401,-0.480326,0.480326,-0.048442,0.053238,1.243971
37.366753,2.931242,0.910647,0.045065,1.368456,0.048113,0.002928,0.602012,-0.164813,-0.01302,-0.457444,0.457444,-0.041973,-0.163051,0.601795
37.471668,2.932091,1.015461,0.040538,1.431616,0.030822,0.001562,0.748379,0.253513,0.006046,-0.429973,0.429973,-0.017016,0.254681,0.747626
37.57442,2.931112,1.118167,0.037618,1.508513,0.056871,0.002183,0.669502,-0.439876,-0.019561,-0.40349,0.40349,-0.057615,-0.438415,0.669378
37.662917,2.927602,1.206466,0.032857,1.567763,0.017943,0.000452,0.777176,0.026768,0.001693,-0.388548,0.388548,-0.012251,0.027119,0.777039
37.742594,2.923045,1.286001,0.031473,1.629686,0.020076,0.000587,-0.928454,-0.287324,-0.005754,-0.380184,0.380184,0.012884,-0.287869,-0.928098
37.858361,2.910401,1.40105,0.029097,1.522202,-0.013187,-7.9e-05,0.70361,0.147563,0.003014,-0.407849,0.407849,0.012292,0.147508,0.70356
37.964561,2.91424,1.507172,0.030489,1.596925,0.002484,0.000241,-1.069982,0.013508,-0.001215,-0.442009,0.442009,0.001443,0.01325,-1.069982
38.088982,2.894926,1.630084,0.030163,1.463797,0.004165,9e-05,0.575791,-0.016379,-0.000178,-0.446947,0.446947,-0.002576,-0.016327,0.575787
38.243146,2.903847,1.783988,0.029536,1.552563,0.00164,6.2e-05,-0.539898,0.045429,0.000347,-0.474735,0.474735,0.001232,0.045395,-0.539901
38.376838,2.892568,1.917204,0.029329,1.480383,0.007713,0.000109,-0.070555,-0.057576,-0.00084,-0.487186,0.487186,-0.000296,-0.057583,-0.070546
38.518526,2.901035,2.058634,0.028252,1.470386,-0.000444,-1e-05,0.344343,0.021934,0.000948,-0.464492,0.464492,0.001101,0.02193,0.344343
38.659453,2.907602,2.199409,0.028313,1.518914,0.002647,0.000123,1.702325,0.28526,0.031316,-0.434946,0.434946,0.026811,0.28547,1.702284
38.746113,2.900152,2.285748,0.028101,1.666437,0.027367,0.002837,0.286734,-0.15179,-0.025127,-0.40153,0.40153,-0.032973,-0.150976,0.287056
38.855813,2.874712,2.39241,0.024944,1.697892,0.010716,8.1e-05,3.747395,0.346999,0.072727,-0.378054,0.378054,0.03257,0.347301,3.747152
38.941412,2.862631,2.477146,0.024021,2.018664,0.040419,0.006306,-2.319367,-0.772976,-0.092053,-0.397796,0.397796,0.001667,-0.787575,-2.312552
39.0121,2.819921,2.533397,0.021084,1.854712,-0.014222,-0.000201,1.626478,0.439567,0.015574,-0.387033,0.387033,0.038705,0.43924,1.626402
39.085172,2.797597,2.602966,0.022133,1.973562,0.017898,0.000937,0.002691,-0.484729,-0.018227,-0.399915,0.399915,-0.018275,-0.484726,0.003145
39.166684,2.759233,2.674872,0.020641,1.973781,-0.021613,-0.000549,-1.352406,0.473934,-0.00309,-0.450778,0.450778,-0.032318,0.474676,-1.35183
39.250821,2.722705,2.750642,0.022484,1.859995,0.018262,-0.000809,0.520627,-0.493671,0.022642,-0.508803,0.508803,0.013135,-0.494092,0.520141
39.339822,2.707137,2.838258,0.020942,1.906331,-0.025675,0.001207,1.10912,0.976059,-0.03242,-0.536082,0.536082,-0.003946,0.977396,1.107576
39.414289,2.691251,2.910988,0.022752,1.988924,0.047009,-0.001208,1.703058,-1.025635,0.02092,-0.554901,0.554901,-0.059109,-1.027689,1.699937
39.4974,2.661939,2.988664,0.018929,2.130467,-0.038233,0.000531,1.755488,0.893487,-0.006046,-0.570565,0.570565,0.061056,0.894418,1.753731
39.579112,2.620622,3.059094,0.022025,2.273912,0.034776,3.7e-05,1.898818,-0.593164,-0.004777,-0.581601,0.581601,-0.070797,-0.593094,1.897692
39.661905,2.566987,3.122098,0.019145,2.43112,-0.014334,-0.000359,1.580218,0.436735,0.013197,-0.586029,0.586029,0.035846,0.436169,1.580213
39.746526,2.500306,3.174184,0.020366,2.56484,0.022623,0.000758,1.257585,-0.315348,-0.010211,-0.588918,0.588918,-0.038659,-0.314394,1.257502
39.837401,2.421179,3.218826,0.018299,2.679124,-0.006034,-0.00017,1.28361,0.213133,0.005721,-0.587884,0.587884,0.013467,0.212915,1.283623
39.934838,2.331761,3.257529,0.018889,2.804194,0.014733,0.000388,2.023106,-0.41379,-0.020909,-0.586466,0.586466,-0.050714,-0.413006,2.023047
40.037967,2.232839,3.286647,0.017367,3.012836,-0.027941,-0.001769,0.62669,0.667048,0.034623,-0.5874,0.5874,0.052132,0.665939,0.627624
40.123129,2.147712,3.287253,0.01972,3.066206,0.028865,0.00118,0.768132,-1.497515,-0.045565,-0.574232,0.574232,-0.067735,-1.496608,0.769578
40.202487,2.068388,3.286852,0.017441,3.127164,-0.089976,-0.002436,0.611775,2.434016,0.047656,-0.565745,0.565745,0.102627,2.432525,0.615228
40.282309,1.988949,3.283716,0.024594,-3.107189,0.104311,0.001368,0.408751,-2.032635,-0.015766,-0.56738,0.56738,-0.058327,-2.032077,0.40931
40.366796,1.905075,3.278625,0.015805,-3.072655,-0.067419,3.6e-05,0.481522,1.372655,-0.002002,-0.572219,0.572219,0.030437,1.372672,0.480379
40.450632,1.821622,3.272952,0.021453,-3.032286,0.047659,-0.000132,0.084066,-0.639218,0.003159,-0.580231,0.580231,-0.000845,-0.639229,0.083886
40.544763,1.728104,3.263212,0.016968,-3.024372,-0.012512,0.000165,0.271896,0.415637,-0.004778,-0.591657,0.591657,-0.001376,0.415682,0.271806
40.644822,1.628465,3.254129,0.01822,-2.997167,0.029077,-0.000313,-0.002211,-0.290646,0.003256,-0.602629,0.602629,0.003321,-0.290646,-0.002301
40.754376,1.519786,3.24069,0.015034,-2.997409,-0.002765,4.4e-05,-0.038808,0.284543,-0.004755,-0.614829,0.614829,-0.004862,0.284541,-0.03882
40.8701,1.404794,3.227695,0.015354,-3.0019,0.030164,-0.000506,-0.053979,-0.149798,0.002521,-0.628076,0.628076,0.004149,-0.149771,-0.05403
40.993538,1.28211,3.21459,0.011631,-3.008563,0.011673,-0.000195,-0.03441,-0.215931,0.002932,-0.638383,0.638383,0.003333,-0.215924,-0.03445
41.1217,1.154596,3.201811,0.010135,-3.012973,-0.016001,0.000181,-0.15822,0.29971,-0.003606,-0.646753,0.646753,-0.006138,0.299681,-0.158254
41.254668,1.022393,3.187727,0.012263,-3.034011,0.023851,-0.000299,0.021028,-0.27028,0.002722,-0.654018,0.654018,0.002221,-0.270286,0.020941
41.38314,0.894396,3.177123,0.009199,-3.031309,-0.010873,5.1e-05,-0.126484,0.34299,-0.002485,-0.660757,0.660757,-0.00386,0.342983,-0.126494
41.50802,0.770158,3.164543,0.010557,-3.047105,0.03196,-0.000259,0.05156,-0.504609,0.003191,-0.667517,0.667517,0.001544,-0.504622,0.051403
41.627926,0.65068,3.155169,0.006725,-3.040922,-0.028546,0.000123,0.022162,0.665833,-0.002611,-0.673827,0.673827,-0.001979,0.665836,0.022071
41.746471,0.532686,3.144278,0.010109,-3.038295,0.050385,-0.000186,0.007901,-1.006296,0.004276,-0.680058,0.680058,0.003878,-1.006298,0.007704
41.858501,0.421312,3.133562,0.004466,-3.03741,-0.062351,0.000293,0.049033,1.081289,-0.006509,-0.68723,0.68723,-0.003454,1.081304,0.048621
41.965962,0.314542,3.123409,0.011163,-3.032141,0.053845,-0.000407,0.24876,-0.667126,0.004199,-0.69584,0.69584,-0.009189,-0.667227,0.248128
42.071704,0.209423,3.113457,0.005471,-3.005836,-0.016699,3.7e-05,-0.049512,0.59396,-0.004236,-0.705894,0.705894,-0.005063,0.593958,-0.049528
42.175594,0.106441,3.099859,0.007206,-3.01098,0.045007,-0.000403,0.142311,-0.47356,0.004041,-0.714542,0.714542,-0.002362,-0.473617,0.141976
42.284185,-0.00135,3.08765,0.002319,-2.995526,-0.006417,3.6e-05,-0.048894,0.312032,-0.003361,-0.725311,0.725311,-0.003674,0.31203,-0.048904
42.394171,-0.110336,3.072863,0.003025,-3.000904,0.027902,-0.000334,0.124316,-0.097822,0.001646,-0.733717,0.733717,-0.001822,-0.097863,0.124235
42.505509,-0.220871,3.059881,-8.2e-05,-2.987063,0.017011,-0.00015,-0.000694,0.007276,-0.000301,-0.744547,0.744547,-0.00029,0.007276,-0.000693
42.616227,-0.330536,3.044768,-0.001966,-2.98714,0.017816,-0.000184,0.086753,0.013287,0.000372,-0.755198,0.755198,-0.001173,0.013271,0.086742
42.727718,-0.441011,3.029882,-0.003953,-2.977468,0.019298,-0.000142,-0.0774,-0.077068,0.0001,-0.76678,0.76678,0.001594,-0.077057,-0.077396
42.838213,-0.550254,3.013432,-0.006086,-2.98602,0.010782,-0.000131,0.114391,-0.098662,0.00119,-0.778282,0.778282,-4.3e-05,-0.098677,0.114372
42.950491,-0.661558,2.99872,-0.007297,-2.973176,-0.000296,3e-06,-0.051691,0.154752,-0.002165,-0.791626,0.791626,-0.00218,0.154752,-0.051692
43.058706,-0.768539,2.982428,-0.007265,-2.97877,0.016451,-0.000232,0.323255,-0.220973,0.0023,-0.802804,0.802804,-0.003018,-0.221048,0.32316
43.163227,-0.872097,2.968375,-0.008985,-2.944983,-0.006646,9e-06,-0.567432,0.193249,-0.004448,-0.816145,0.816145,-0.008219,0.193244,-0.567422
43.268398,-0.975293,2.948101,-0.008286,-3.004661,0.013679,-0.000459,-0.223455,-0.130337,0.004244,-0.829307,0.829307,0.007301,-0.130234,-0.223494
43.410308,-1.116831,2.938032,-0.010223,-3.036371,-0.004817,0.000143,-0.225617,0.128748,-0.003673,-0.830552,0.830552,-0.00476,0.128715,-0.225633
43.549862,-1.256233,2.931538,-0.009552,-3.067857,0.01315,-0.000369,-0.210986,-0.112312,0.003121,-0.82558,0.82558,0.005895,-0.112234,-0.211009
43.688024,-1.39436,2.92904,-0.011365,-3.097007,-0.002367,6.2e-05,-0.24828,-0.023359,0.000631,-0.822633,0.822633,4.3e-05,-0.023374,-0.248277
43.82688,-1.533212,2.930044,-0.011037,-3.131482,-0.005611,0.000149,-0.215317,0.091699,-0.002208,-0.815367,0.815367,-0.003416,0.091667,-0.215327
43.967705,-1.673905,2.936083,-0.010249,3.121381,0.007303,-0.000162,-0.252603,0.010476,-1.1e-05,-0.805185,0.805185,0.001834,0.010516,-0.252595
44.10837,-1.814275,2.945144,-0.011274,3.085849,0.008776,-0.000163,-0.213733,-0.156316,0.002574,-0.792045,0.792045,0.00445,-0.156281,-0.213751
44.253241,-1.958514,2.958597,-0.012543,3.054885,-0.013869,0.00021,0.122231,0.400673,-0.005568,-0.776316,0.776316,-0.003873,0.400698,0.122135
44.360196,-2.064727,2.971085,-0.011062,3.067958,0.028985,-0.000386,0.225974,-0.418199,0.004281,-0.760845,0.760845,-0.002268,-0.418286,0.225717
44.467155,-2.171104,2.981792,-0.014158,3.092128,-0.015745,7.2e-05,0.110927,0.385108,-0.001187,-0.748987,0.748987,0.00056,0.385116,0.110886
44.571781,-2.275537,2.98792,-0.012511,3.103734,0.024547,-5.2e-05,0.258767,-0.261636,0.000378,-0.736586,0.736586,-0.005973,-0.26165,0.258675
44.674824,-2.378458,2.992257,-0.01504,3.130398,-0.002413,-1.3e-05,0.165777,0.488292,0.003647,-0.729093,0.729093,0.004047,0.48829,0.165783
44.779698,-2.483331,2.992282,-0.014787,-3.135402,0.048796,0.000369,-0.25745,-0.672648,-0.000733,-0.726027,0.726027,0.011825,-0.672743,-0.256895
44.889942,-2.593419,2.989934,-0.020163,3.119401,-0.025359,0.000288,0.254945,0.438116,-0.000713,-0.72538,0.72538,0.005752,0.43819,0.254737
45.008646,-2.711965,2.995266,-0.017155,-3.133521,0.026647,0.000204,0.057519,-0.430642,-0.002911,-0.719808,0.719808,-0.004443,-0.43063,0.057586
45.124201,-2.827448,2.992567,-0.020233,-3.126874,-0.023116,-0.000132,-0.083217,0.571604,-0.000524,-0.714083,0.714083,-0.002447,0.571615,-0.083119
45.232249,-2.93543,2.989739,-0.017736,-3.135866,0.038644,-0.000189,0.059182,-0.235884,0.001301,-0.71109,0.71109,-0.000985,-0.235895,0.059093
45.351349,-3.05444,2.990221,-0.022337,-3.128817,0.01055,-3.4e-05,-0.046783,0.121214,-0.000937,-0.705859,0.705859,-0.000443,0.121216,-0.046776
45.469266,-3.172348,2.989477,-0.023581,-3.134334,0.024843,-0.000145,0.005274,-0.182594,0.001118,-0.699097,0.699097,0.000987,-0.182595,0.005246
45.58872,-3.291764,2.989999,-0.026548,-3.133704,0.003032,-1.1e-05,0.282065,0.068234,0.001327,-0.691234,0.691234,0.000472,0.068231,0.282064
45.704167,-3.407211,2.989927,-0.026898,-3.10114,0.010909,0.000142,-0.157342,0.163905,-0.001504,-0.683101,0.683101,0.000213,0.163883,-0.157356
45.806106,-3.508918,2.983148,-0.028009,-3.117179,0.027617,-1.1e-05,-0.09309,-0.316321,0.00022,-0.679183,0.679183,0.002791,-0.31632,-0.093058
45.913986,-3.616726,2.980602,-0.030988,-3.127222,-0.006507,1.3e-05,-0.0025,0.279224,0.000924,-0.675851,0.675851,0.000908,0.279224,-0.002503
46.028938,-3.73167,2.979398,-0.03024,-3.127509,0.02559,0.000119,-0.258146,-0.349378,-0.000595,-0.668784,0.668784,0.00601,-0.349409,-0.25802
46.134471,-3.83714,2.976932,-0.03294,3.128433,-0.011281,5.6e-05,-0.30188,0.553039,-0.004747,-0.662357,0.662357,-0.008152,0.553022,-0.301892
46.237318,-3.939952,2.979307,-0.03178,3.097386,0.045598,-0.000432,-0.161244,-0.697031,0.005154,-0.651858,0.651858,0.012504,-0.696961,-0.161377
46.332102,-4.03445,2.985285,-0.036098,3.082102,-0.02047,5.6e-05,-0.611421,0.679449,-0.005278,-0.639757,0.639757,-0.017793,0.679414,-0.611332
46.422251,-4.124389,2.99114,-0.034253,3.026983,0.040782,-0.000419,-0.593299,-0.516432,0.005365,-0.632273,0.632273,0.029554,-0.516183,-0.593022
46.510149,-4.211412,3.002981,-0.037833,2.974834,-0.004611,5.2e-05,-1.664589,0.36415,-0.015392,-0.626301,0.626301,-0.023067,0.364063,-1.66459
46.602673,-4.302279,3.020409,-0.037407,2.820819,0.029082,-0.001372,-1.298104,-0.362298,0.017844,-0.621741,0.621741,0.05559,-0.360517,-1.298051
46.719386,-4.408866,3.067845,-0.040742,2.669313,-0.013203,0.000711,-1.00251,0.362609,-0.015854,-0.603034,0.603034,-0.02909,0.361896,-1.00268
46.838754,-4.508196,3.134025,-0.039208,2.549645,0.030081,-0.001182,-0.980514,-0.402727,0.013562,-0.586431,0.586431,0.043052,-0.401568,-0.980546
46.954728,-4.598611,3.206575,-0.042628,2.435931,-0.016625,0.000391,-1.298428,0.394356,-0.009974,-0.57911,0.57911,-0.03156,0.393848,-1.298402
47.071978,-4.68397,3.286934,-0.040701,2.283691,0.029613,-0.000778,-1.109031,-0.38588,0.009071,-0.581215,0.581215,0.041908,-0.385017,-1.108845
47.197022,-4.760233,3.385963,-0.044345,2.145013,-0.018639,0.000356,-1.412225,0.289607,-0.007069,-0.587766,0.587766,-0.03339,0.289104,-1.412083
47.325518,-4.825565,3.496586,-0.04198,1.963548,0.018574,-0.000553,-1.397987,-0.085679,0.002063,-0.601913,0.601913,0.028028,-0.084906,-1.397793
47.458932,-4.868134,3.623003,-0.044393,1.777037,0.007143,-0.000277,-0.996774,-0.006356,0.000395,-0.614534,0.614534,0.007516,-0.006079,-0.99675
47.566071,-4.879688,3.729515,-0.045123,1.670244,0.006462,-0.000235,-0.752705,0.035214,-0.000236,-0.622446,0.622446,0.004628,0.035391,-0.752681
47.662556,-4.880266,3.825995,-0.045717,1.597619,0.00986,-0.000258,-0.93791,0.117194,-0.003744,-0.640542,0.640542,0.005503,0.117436,-0.937834
47.753658,-4.876997,3.917035,-0.046586,1.512174,0.020537,-0.000599,-2.138071,-0.166064,0.000221,-0.663944,0.663944,0.044127,-0.164783,-2.13772
47.840823,-4.867511,4.003663,-0.048416,1.325808,0.006062,-0.00058,-1.264512,-0.007637,0.000505,-0.691703,0.691703,0.00817,-0.006904,-1.264493
47.975999,-4.817263,4.12915,-0.049268,1.154876,0.005029,-0.000511,-1.432372,0.05868,-0.008223,-0.700229,0.700229,-0.001019,0.059413,-1.432324
48.106487,-4.747503,4.239424,-0.049944,0.967969,0.012687,-0.001584,-1.231245,-0.055653,0.006611,-0.702137,0.702137,0.022231,-0.053702,-1.231233
48.231381,-4.659396,4.327927,-0.051556,0.814195,0.005736,-0.000759,-0.893711,-0.182707,0.021416,-0.695534,0.695534,0.026542,-0.182029,-0.893835
48.361499,-4.55338,4.403366,-0.052306,0.697906,-0.018038,0.002028,-0.660699,0.196582,-0.019703,-0.686609,0.686609,-0.03162,0.195241,-0.660989
48.498468,-4.434516,4.471378,-0.049833,0.607411,0.008888,-0.000671,-0.80429,-0.211434,0.012551,-0.679444,0.679444,0.019699,-0.210894,-0.8044
48.640845,-4.308005,4.536682,-0.051103,0.492898,-0.021216,0.001116,-1.692614,0.10716,-0.003756,-0.679415,0.679415,-0.039663,0.105271,-1.692351
48.795668,-4.165202,4.596402,-0.047809,0.230843,-0.004625,0.000535,-0.296058,-0.166182,0.013948,-0.687615,0.687615,0.012579,-0.16634,-0.295966
48.914214,-4.046696,4.599442,-0.047278,0.195746,-0.024325,0.002188,-0.253286,0.381167,-0.030974,-0.666049,0.666049,-0.037134,0.380612,-0.254045
49.025258,-3.935732,4.602733,-0.044631,0.16762,0.018001,-0.001251,-0.283388,-0.375707,0.022624,-0.652037,0.652037,0.027725,-0.375352,-0.283812
49.129626,-3.831447,4.606459,-0.046487,0.138044,-0.021211,0.00111,-0.168548,0.082605,-0.006177,-0.639009,0.639009,-0.009751,0.082418,-0.168601
49.235447,-3.725721,4.610342,-0.044258,0.120208,-0.012469,0.000456,-0.316124,0.038437,-0.001796,-0.629232,0.629232,-0.005737,0.038293,-0.316117
49.33986,-3.621438,4.61539,-0.04296,0.0872,-0.008456,0.000269,-0.160669,-0.197718,0.004329,-0.620111,0.620111,0.00297,-0.197761,-0.16061
49.451789,-3.509547,4.618122,-0.042016,0.069217,-0.030586,0.000753,-0.073319,0.344442,-0.008033,-0.612279,0.612279,-0.010275,0.344387,-0.073544
49.558849,-3.402559,4.620298,-0.038747,0.061367,0.00629,-0.000107,-0.141878,-0.380272,0.005078,-0.6056,0.6056,0.00597,-0.380257,-0.141916
49.668297,-3.293154,4.623318,-0.039435,0.045839,-0.03533,0.000449,-0.101877,0.319725,-0.004059,-0.599464,0.599464,-0.007658,0.319679,-0.101957
49.779596,-3.181948,4.625597,-0.035505,0.0345,0.000255,-3e-06,0.027033,-0.406039,0.002925,-0.593489,0.593489,0.002918,-0.406039,0.027031
49.893441,-3.068113,4.627128,-0.035534,0.037577,-0.045971,0.00033,0.159004,0.548738,-0.003375,-0.589164,0.589164,0.003932,0.54879,0.158655
49.998444,-2.96325,4.629564,-0.030709,0.054273,0.011648,-2.4e-05,0.012648,-0.617552,0.000987,-0.585741,0.585741,0.000839,-0.617552,0.012633
50.109621,-2.852219,4.635136,-0.032004,0.055679,-0.05701,8.6e-05,0.021974,0.818399,-0.001142,-0.587927,0.587927,0.00011,0.818401,0.021868
50.217815,-2.744352,4.640823,-0.025839,0.058057,0.031535,-3.8e-05,-0.008828,-0.571134,-0.000208,-0.588028,0.588028,7e-05,-0.571134,-0.008846
50.332274,-2.630127,4.647186,-0.029448,0.057046,-0.033836,-6.2e-05,-0.016234,0.511309,0.000909,-0.590281,0.590281,0.00036,0.51131,-0.016193
50.444521,-2.51815,4.653992,-0.025651,0.055224,0.023557,4e-05,-0.061464,-0.496507,-0.000795,-0.592356,0.592356,0.000653,-0.496509,-0.061427
50.562676,-2.400231,4.660914,-0.028434,0.047962,-0.035108,-5.4e-05,-0.000803,0.445214,0.000914,-0.592558,0.592558,0.000886,0.445214,-0.000779
50.678948,-2.284182,4.66684,-0.024353,0.047868,0.016658,5.3e-05,-0.192102,-0.596999,-0.000368,-0.592919,0.592919,0.002832,-0.597009,-0.192044
50.784078,-2.179221,4.672534,-0.026104,0.027673,-0.046105,1.4e-05,0.020659,0.38021,-0.000414,-0.59317,0.59317,0.000538,0.38021,0.020631
50.871866,-2.091558,4.674907,-0.022058,0.029486,-0.012727,-2.2e-05,-0.124643,0.461087,-0.000768,-0.590412,0.590412,-0.002354,0.461089,-0.124622
50.951311,-1.940937,4.679647,-0.021047,0.01993,0.023904,-8.8e-05,-0.080066,-1.23478,0.006543,-0.588069,0.588069,0.008457,-1.234773,-0.080151
