right_bound_x,right_bound_y,right_bound_z,left_bound_x,left_bound_y,left_bound_z,center_x,center_y,center_z
-8.435924,-0.586865,0.139023,-6.672062,-0.649222,0.139023,-7.420541,-0.521890,0.139023
-8.413702,-0.835148,0.139015,-6.682967,-0.742760,0.139015,-7.273194,-0.724023,0.139015
-8.276639,-1.318429,0.139018,-6.683581,-0.893597,0.139018,-7.132079,-0.930409,0.139018
-8.095807,-1.780773,0.139022,-6.648891,-1.043457,0.139022,-6.992521,-1.137999,0.139022
-7.824585,-2.218714,0.139023,-6.581025,-1.201757,0.139023,-6.854192,-1.346378,0.139023
-7.561179,-2.502861,0.139032,-6.484544,-1.335217,0.139032,-6.722835,-1.559896,0.139032
-7.254676,-2.755855,0.139408,-6.377061,-1.433962,0.139408,-6.595245,-1.775201,0.139408
-6.979234,-2.928640,0.139501,-6.262730,-1.500550,0.139501,-6.468683,-1.992062,0.139501
-6.737856,-3.048305,0.139469,-6.122011,-1.541749,0.139469,-6.341425,-2.208895,0.139469
-6.511199,-3.142778,0.139670,-5.955464,-1.564565,0.139670,-6.215498,-2.424867,0.139670
-6.288029,-3.221747,0.139253,-5.820930,-1.577010,0.139253,-6.089321,-2.643096,0.139253
-6.046667,-3.295185,0.139219,-5.716146,-1.583908,0.139219,-5.924032,-2.831454,0.139219
-5.806012,-3.355590,0.139571,-5.569187,-1.596545,0.139571,-5.689610,-2.919283,0.139571
-5.569758,-3.404152,0.140016,-5.390123,-1.605003,0.140016,-5.470710,-2.797897,0.140016
-5.316896,-3.442974,0.139019,-5.154851,-1.618067,0.139019,-5.233335,-2.718396,0.139019
-5.042683,-3.475143,0.139036,-4.942580,-1.625367,0.139036,-4.983373,-2.694505,0.139036
-4.754072,-3.495209,0.139013,-4.685982,-1.637227,0.139013,-4.733092,-2.675695,0.139013
-4.481057,-3.495982,0.139014,-4.459115,-1.642597,0.139014,-4.483491,-2.655176,0.139014
-4.223839,-3.487262,0.138991,-4.223654,-1.648236,0.138991,-4.233973,-2.633704,0.138991
-3.964707,-3.480922,0.138988,-3.988106,-1.647453,0.138988,-3.984730,-2.612658,0.138988
-3.724355,-3.478334,0.138988,-3.728434,-1.646890,0.138988,-3.735260,-2.590641,0.138988
-3.467867,-3.477176,0.138990,-3.475439,-1.646160,0.138990,-3.485063,-2.568771,0.138990
-3.222478,-3.470861,0.139016,-3.228700,-1.646528,0.139016,-3.235155,-2.547130,0.139016
-2.962976,-3.464899,0.138996,-2.988144,-1.646636,0.138996,-2.985195,-2.524536,0.138996
-2.735927,-3.455620,0.138986,-2.740997,-1.646881,0.138986,-2.735378,-2.502707,0.138986
-2.487089,-3.448923,0.139014,-2.488917,-1.646348,0.139014,-2.485059,-2.480600,0.139014
-2.237521,-3.442698,0.138994,-2.229734,-1.646682,0.138994,-2.234226,-2.458544,0.138994
-1.964106,-3.438488,0.139003,-1.976231,-1.646748,0.139003,-1.984337,-2.435831,0.139003
-1.715129,-3.432040,0.139000,-1.728482,-1.646834,0.139000,-1.734552,-2.413075,0.139000
-1.467738,-3.425996,0.138996,-1.481390,-1.646171,0.138996,-1.485111,-2.390076,0.138996
-1.218160,-3.419761,0.138999,-1.234812,-1.646412,0.138999,-1.234595,-2.367071,0.138999
-0.958066,-3.413012,0.139021,-0.982093,-1.646524,0.139021,-0.984328,-2.344429,0.139021
-0.708021,-3.405327,0.139052,-0.728962,-1.646782,0.139052,-0.734640,-2.322404,0.139052
-0.451103,-3.398904,0.138990,-0.476146,-1.646386,0.138990,-0.484340,-2.300440,0.138990
-0.213510,-3.391499,0.138993,-0.228887,-1.646868,0.138993,-0.233681,-2.278166,0.138993
0.040629,-3.385616,0.138995,0.018612,-1.647273,0.138995,0.015885,-2.256077,0.138995
0.287670,-3.379412,0.140028,0.265967,-1.647541,0.140028,0.268381,-2.233793,0.140028
0.553925,-3.374004,0.139519,0.518926,-1.647586,0.139519,0.518700,-2.210969,0.139519
0.799784,-3.367870,0.139777,0.765424,-1.648050,0.139777,0.769088,-2.214136,0.139777
1.052148,-3.362295,0.139980,1.028242,-1.648975,0.139980,1.020605,-2.215326,0.139980
1.304634,-3.355941,0.139816,1.285432,-1.656617,0.139816,1.271901,-2.215151,0.139816
1.557914,-3.348266,0.139819,1.538315,-1.666588,0.139819,1.515024,-2.274912,0.139819
1.808543,-3.339406,0.139272,1.761893,-1.674208,0.139272,1.761032,-2.323577,0.139272
2.041546,-3.331341,0.138997,1.966064,-1.670668,0.138997,2.006934,-2.369410,0.138997
2.312903,-3.318466,0.139111,2.186139,-1.654468,0.139111,2.257768,-2.381670,0.139111
2.509632,-3.304386,0.138989,2.403860,-1.632696,0.138989,2.507889,-2.383367,0.138989
2.776112,-3.289284,0.138993,2.645952,-1.601286,0.138993,2.759151,-2.391791,0.138993
3.003220,-3.283563,0.139023,2.918950,-1.568921,0.139023,3.010107,-2.400447,0.139023
3.287361,-3.272956,0.138989,3.177641,-1.538788,0.138989,3.260460,-2.409015,0.138989
3.523163,-3.262291,0.139816,3.441728,-1.512564,0.139816,3.510514,-2.417112,0.139816
3.793099,-3.249295,0.139326,3.688995,-1.492310,0.139326,3.761037,-2.426468,0.139326
4.041199,-3.244380,0.139694,3.998292,-1.482649,0.139694,4.011110,-2.437082,0.139694
4.253242,-3.244824,0.139503,4.335720,-1.495782,0.139503,4.261363,-2.447308,0.139503
4.392385,-3.252971,0.139725,4.678320,-1.539405,0.139725,4.512442,-2.457594,0.139725
4.506010,-3.272121,0.139109,5.034899,-1.626005,0.139109,4.762208,-2.470843,0.139109
4.587365,-3.307040,0.139242,5.378827,-1.760907,0.139242,5.000853,-2.547882,0.139242
4.651779,-3.349614,0.139041,5.716914,-1.958131,0.139041,5.183573,-2.726600,0.139041
4.702278,-3.399701,0.139106,6.002215,-2.194358,0.139106,5.264524,-2.964114,0.139106
4.738113,-3.456303,0.139291,6.279240,-2.648370,0.139291,5.209173,-3.208924,0.139291
4.763596,-3.548625,0.139515,6.460431,-3.078595,0.139515,5.154158,-3.453461,0.139515
4.767103,-3.664618,0.139021,6.568306,-3.647137,0.139021,5.128244,-3.702972,0.139021
4.748570,-3.788672,0.139902,6.522866,-4.122572,0.139902,5.151476,-3.951956,0.139902
4.707650,-3.879223,0.139899,6.362513,-4.680529,0.139899,5.240952,-4.186416,0.139899
4.666200,-3.936835,0.139464,6.067187,-5.128404,0.139464,5.234671,-4.436862,0.139464
4.623500,-3.972059,0.139256,5.670390,-5.460309,0.139256,5.117011,-4.658667,0.139256
4.574240,-3.998495,0.139058,5.265438,-5.678344,0.139058,4.929911,-4.825156,0.139058
4.508006,-4.018753,0.139078,4.905356,-5.799853,0.139078,4.690699,-4.900465,0.139078
4.371752,-4.030664,0.139016,4.602331,-5.863520,0.139016,4.442780,-4.937199,0.139016
4.170543,-4.037011,0.139017,4.308439,-5.902563,0.139017,4.195039,-4.899515,0.139017
3.924220,-4.042925,0.138990,4.012521,-5.926112,0.138990,3.947567,-4.859755,0.138990
3.677444,-4.048992,0.139824,3.718657,-5.938223,0.139824,3.697487,-4.847751,0.139824
3.424911,-4.054869,0.139391,3.456963,-5.941588,0.139391,3.446330,-4.850765,0.139391
3.175462,-4.060810,0.139761,3.182269,-5.939369,0.139761,3.195776,-4.846866,0.139761
2.926427,-4.066545,0.139793,2.917149,-5.932003,0.139793,2.944145,-4.843493,0.139793
2.679861,-4.071836,0.139470,2.645025,-5.923082,0.139470,2.692855,-4.838632,0.139470
2.422992,-4.076953,0.139028,2.398151,-5.912465,0.139028,2.441619,-4.833703,0.139028
2.165910,-4.082381,0.138987,2.133347,-5.900215,0.138987,2.182012,-4.829052,0.138987
1.915768,-4.087735,0.139006,1.871198,-5.885562,0.139006,1.931307,-4.824208,0.139006
1.662709,-4.093114,0.139753,1.607821,-5.872147,0.139753,1.680371,-4.818176,0.139753
1.408841,-4.098923,0.140012,1.384978,-5.861024,0.140012,1.428740,-4.811880,0.140012
1.158283,-4.104047,0.139908,1.145032,-5.852346,0.139908,1.177164,-4.806654,0.139908
0.904922,-4.109846,0.139589,0.919369,-5.845918,0.139589,0.920447,-4.802107,0.139589
0.651881,-4.115325,0.139565,0.695382,-5.845068,0.139565,0.669320,-4.801403,0.139565
0.402499,-4.121381,0.139086,0.471216,-5.851754,0.139086,0.418710,-4.797279,0.139086
0.155232,-4.126926,0.138987,0.266188,-5.861515,0.138987,0.167717,-4.792927,0.138987
-0.091819,-4.132518,0.138997,0.006000,-5.880659,0.138997,-0.082421,-4.788974,0.138997
-0.348405,-4.138616,0.139028,-0.255702,-5.900406,0.139028,-0.333726,-4.785050,0.139028
-0.607629,-4.144700,0.138993,-0.550332,-5.920160,0.138993,-0.584161,-4.781324,0.138993
-0.860841,-4.151018,0.139009,-0.793452,-5.929030,0.139009,-0.844980,-4.777208,0.139009
-1.120704,-4.157370,0.139023,-1.061824,-5.937697,0.139023,-1.096434,-4.772378,0.139023
-1.367547,-4.163963,0.139003,-1.295543,-5.946697,0.139003,-1.346878,-4.765827,0.139003
-1.620961,-4.170254,0.139007,-1.541736,-5.959999,0.139007,-1.597408,-4.758784,0.139007
-1.864273,-4.177062,0.138999,-1.767120,-5.972376,0.138999,-1.847726,-4.750570,0.138999
-2.117161,-4.183393,0.139022,-2.034712,-5.985796,0.139022,-2.098846,-4.742174,0.139022
-2.364011,-4.189609,0.138989,-2.306605,-5.997493,0.138989,-2.350802,-4.756405,0.138989
-2.617874,-4.195724,0.139030,-2.548821,-6.007587,0.139030,-2.599081,-4.796748,0.139030
-2.865138,-4.201718,0.139060,-2.807165,-6.016899,0.139060,-2.848389,-4.824241,0.139060
-3.118187,-4.208301,0.138986,-3.051775,-6.027133,0.138986,-3.098050,-4.851154,0.138986
-3.368230,-4.214697,0.139025,-3.313582,-6.037251,0.139025,-3.347035,-4.877241,0.139025
-3.614960,-4.221120,0.139009,-3.541603,-6.048924,0.139009,-3.596188,-4.903734,0.139009
-3.861695,-4.227364,0.139011,-3.798890,-6.058657,0.139011,-3.844844,-4.929742,0.139011
-4.108683,-4.235485,0.138992,-4.042665,-6.070637,0.138992,-4.093810,-4.955221,0.138992
-4.361910,-4.242455,0.139002,-4.297363,-6.079322,0.139002,-4.343503,-4.981026,0.139002
-4.614834,-4.249441,0.139023,-4.543832,-6.091300,0.139023,-4.592793,-5.005992,0.139023
-4.864531,-4.254117,0.138990,-4.793560,-6.099303,0.138990,-4.842151,-5.030348,0.138990
-5.112680,-4.260229,0.139008,-5.053291,-6.110344,0.139008,-5.091142,-5.054333,0.139008
-5.359784,-4.266649,0.138992,-5.306425,-6.117810,0.138992,-5.341391,-5.077259,0.138992
-5.602932,-4.272462,0.138996,-5.570485,-6.128023,0.138996,-5.591402,-5.100083,0.138996
-5.868071,-4.278879,0.139499,-5.802113,-6.137578,0.139499,-5.841813,-5.123046,0.139499
-6.142080,-4.290425,0.139658,-6.015300,-6.150968,0.139658,-6.093219,-5.146585,0.139658
-6.434937,-4.313159,0.139129,-6.227926,-6.170596,0.139129,-6.343486,-5.168186,0.139129
-6.716439,-4.346856,0.139634,-6.453879,-6.194714,0.139634,-6.594964,-5.189424,0.139634
-6.995570,-4.391202,0.139527,-6.675229,-6.229405,0.139527,-6.845038,-5.209952,0.139527
-7.263095,-4.443265,0.139272,-6.879540,-6.266712,0.139272,-7.095163,-5.228585,0.139272
-7.528565,-4.504306,0.139476,-7.080776,-6.316961,0.139476,-7.344532,-5.246646,0.139476
-7.781959,-4.570906,0.139577,-7.284257,-6.367847,0.139577,-7.594061,-5.266921,0.139577
-8.041900,-4.647974,0.139172,-7.484498,-6.428902,0.139172,-7.838619,-5.323923,0.139172
-8.280835,-4.727435,0.139319,-7.669484,-6.486030,0.139319,-8.048889,-5.460400,0.139319
-8.521385,-4.816925,0.139089,-7.852106,-6.553520,0.139089,-8.189510,-5.668446,0.139089
-8.735559,-4.903200,0.138994,-8.008263,-6.617025,0.138994,-8.304931,-5.890345,0.138994
-8.986728,-5.021212,0.138989,-8.176131,-6.694389,0.138989,-8.444636,-6.099241,0.138989
-9.237846,-5.154852,0.138992,-8.335339,-6.775143,0.138992,-8.585075,-6.307408,0.138992
-9.506293,-5.318797,0.138990,-8.506520,-6.877805,0.138990,-8.725218,-6.515266,0.138990
-9.804730,-5.544796,0.139020,-8.661788,-6.992228,0.139020,-8.866055,-6.722657,0.139020
-10.140093,-5.870509,0.139037,-8.803404,-7.121284,0.139037,-9.011317,-6.926407,0.139037
-10.483358,-6.344439,0.139237,-8.915280,-7.259643,0.139237,-9.171158,-7.118916,0.139237
-10.721006,-6.880113,0.138997,-8.984725,-7.392022,0.138997,-9.324147,-7.316867,0.138997
-10.840556,-7.396084,0.139003,-9.013650,-7.524999,0.139003,-9.477406,-7.515234,0.139003
-10.842584,-7.837726,0.138994,-9.007326,-7.661396,0.138994,-9.606825,-7.730779,0.138994
-10.793180,-8.184409,0.139007,-8.981317,-7.799688,0.139007,-9.702143,-7.962878,0.139007
-10.700645,-8.511570,0.139010,-8.940332,-7.934763,0.139010,-9.767077,-8.205465,0.139010
-10.587807,-8.808734,0.139016,-8.878919,-8.080944,0.139016,-9.773954,-8.455664,0.139016
-10.457565,-9.086775,0.139013,-8.813303,-8.218863,0.139013,-9.709114,-8.697603,0.139013
-10.312951,-9.351600,0.139023,-8.717929,-8.377920,0.139023,-9.578657,-8.912068,0.139023
-10.152667,-9.596596,0.138990,-8.606654,-8.543857,0.138990,-9.424683,-9.110734,0.138990
-9.974554,-9.849780,0.139027,-8.476260,-8.723048,0.139027,-9.290565,-9.323113,0.139027
-9.787511,-10.080214,0.138996,-8.341650,-8.895394,0.138996,-9.157348,-9.536673,0.138996
-9.604125,-10.287736,0.139085,-8.212619,-9.039200,0.139085,-9.024346,-9.749799,0.139085
-9.417194,-10.482111,0.139188,-8.080576,-9.181824,0.139188,-8.879691,-9.955531,0.139188
-9.227402,-10.669934,0.139401,-7.941895,-9.317191,0.139401,-8.669355,-10.092178,0.139401
-9.029697,-10.851577,0.139018,-7.788500,-9.460890,0.139018,-8.473260,-10.249450,0.139018
-8.817347,-11.031391,0.138980,-7.611895,-9.609388,0.138980,-8.278688,-10.408234,0.138980
-8.598378,-11.202876,0.138986,-7.436050,-9.753238,0.138986,-8.081631,-10.563728,0.138986
-8.358182,-11.380910,0.138990,-7.269086,-9.879424,0.138990,-7.885617,-10.720921,0.138990
-8.129080,-11.539360,0.139007,-7.093194,-10.004176,0.139007,-7.690565,-10.879156,0.139007
-7.892840,-11.687150,0.139198,-6.928055,-10.111381,0.139198,-7.495138,-11.037333,0.139198
-7.675202,-11.813709,0.139722,-6.742910,-10.222674,0.139722,-7.300333,-11.194327,0.139722
-7.427846,-11.956212,0.139651,-6.568067,-10.317386,0.139651,-7.078751,-11.312099,0.139651
-7.178247,-12.089239,0.139678,-6.368945,-10.414255,0.139678,-6.864411,-11.443227,0.139678
-6.923691,-12.208297,0.139732,-6.187271,-10.496375,0.139732,-6.646898,-11.566754,0.139732
-6.676802,-12.303588,0.139868,-5.998164,-10.570297,0.139868,-6.395978,-11.580377,0.139868
-6.420263,-12.389548,0.139210,-5.816305,-10.637375,0.139210,-6.146660,-11.604582,0.139210
-6.143458,-12.472027,0.139611,-5.616559,-10.696801,0.139611,-5.890542,-11.641936,0.139611
-5.868390,-12.548425,0.139275,-5.416811,-10.754008,0.139275,-5.642701,-11.679185,0.139275
-5.591179,-12.616251,0.139379,-5.203958,-10.801825,0.139379,-5.394508,-11.715453,0.139379
-5.318729,-12.676070,0.139042,-4.988151,-10.844965,0.139042,-5.145698,-11.751315,0.139042
-5.019556,-12.720742,0.139004,-4.760593,-10.877442,0.139004,-4.897139,-11.787127,0.139004
-4.716769,-12.752370,0.138995,-4.541722,-10.904126,0.138995,-4.648178,-11.823332,0.138995
-4.417441,-12.777135,0.138994,-4.325428,-10.926574,0.138994,-4.399422,-11.859098,0.138994
-4.159150,-12.799824,0.139013,-4.098239,-10.944642,0.139013,-4.150823,-11.894931,0.139013
-3.929530,-12.812466,0.138996,-3.871272,-10.958875,0.138996,-3.903159,-11.931079,0.138996
-3.683788,-12.827264,0.139007,-3.628170,-10.967715,0.139007,-3.655456,-11.967802,0.139007
-3.429980,-12.833768,0.139006,-3.395152,-10.972856,0.139006,-3.406245,-11.997928,0.139006
-3.162014,-12.842379,0.138993,-3.148367,-10.975925,0.138993,-3.155184,-11.987412,0.138993
-2.908045,-12.842756,0.139033,-2.907710,-10.975770,0.139033,-2.905667,-11.955707,0.139033
-2.648886,-12.841672,0.138990,-2.666869,-10.974510,0.138990,-2.655932,-11.937175,0.138990
-2.381240,-12.834462,0.139016,-2.419879,-10.970568,0.139016,-2.405274,-11.917296,0.139016
-2.149889,-12.824140,0.138997,-2.179462,-10.965358,0.138997,-2.155762,-11.896188,0.138997
-1.891800,-12.811321,0.139001,-1.936735,-10.958620,0.139001,-1.906112,-11.872359,0.139001
-1.651793,-12.801843,0.138992,-1.717363,-10.950285,0.138992,-1.657249,-11.848471,0.138992
-1.317665,-12.777280,0.138996,-1.528117,-10.936277,0.138996,-1.408417,-11.822590,0.138996
-1.015593,-12.737219,0.138991,-1.410038,-10.920661,0.138991,-1.161221,-11.784706,0.138991
-0.717034,-12.681108,0.139186,-1.270066,-10.865722,0.139186,-0.916410,-11.733610,0.139186
-0.478347,-12.623096,0.138985,-1.111753,-10.789913,0.138985,-0.739191,-11.556815,0.138985
-0.259540,-12.571928,0.139014,-0.895873,-10.683241,0.139014,-0.551665,-11.390310,0.139014
-0.046793,-12.524850,0.138988,-0.696146,-10.581857,0.138988,-0.354861,-11.235714,0.138988
0.149339,-12.484480,0.139061,-0.495440,-10.473275,0.139061,-0.157326,-11.080901,0.139061
0.317946,-12.449660,0.139020,-0.299118,-10.357619,0.139020,0.039508,-10.925905,0.139020
0.426634,-12.428561,0.138992,-0.115798,-10.241324,0.138992,0.236712,-10.771476,0.138992
0.610716,-12.200989,0.146171,0.067817,-10.115374,0.146171,0.403747,-10.584633,0.146171
0.905028,-11.759806,0.152020,0.246206,-9.983861,0.152020,0.577512,-10.404028,0.152020
1.335842,-11.099508,0.162750,0.423952,-9.841630,0.162750,0.742017,-10.215887,0.162750
1.766656,-10.439210,0.176927,0.597319,-9.691111,0.176927,0.901191,-10.022829,0.176927
2.053424,-9.993551,0.191417,0.765416,-9.529894,0.191417,1.053750,-9.824990,0.191417
2.197170,-9.766996,0.207489,0.927498,-9.361964,0.207489,1.209614,-9.629825,0.207489
2.205867,-9.751206,0.222955,1.079898,-9.188940,0.222955,1.365500,-9.434644,0.222955
2.263164,-9.675286,0.238608,1.227117,-9.003244,0.238608,1.531538,-9.247794,0.238608
2.376060,-9.522638,0.255762,1.366362,-8.818118,0.255762,1.691491,-9.055593,0.255762
2.527453,-9.304787,0.274177,1.499042,-8.624201,0.274177,1.842026,-8.856667,0.274177
2.678097,-9.075727,0.293136,1.616022,-8.436740,0.293136,1.997996,-8.661832,0.293136
2.816122,-8.847027,0.313387,1.726314,-8.235738,0.313387,2.146864,-8.461394,0.313387
2.951658,-8.605334,0.335808,1.826455,-8.029647,0.335808,2.258155,-8.238336,0.335808
3.078126,-8.354063,0.359658,1.920730,-7.821763,0.359658,2.339864,-8.003143,0.359658
3.195963,-8.098582,0.384213,2.009776,-7.608277,0.384213,2.436722,-7.773221,0.384213
3.302863,-7.835404,0.409446,2.089042,-7.395914,0.409446,2.534463,-7.543888,0.409446
3.396698,-7.564418,0.435584,2.162122,-7.169192,0.435584,2.629432,-7.313382,0.435584
3.480930,-7.271567,0.462888,2.223728,-6.944724,0.462888,2.682300,-7.070387,0.462888
3.547626,-6.989185,0.490962,2.278580,-6.711363,0.490962,2.732720,-6.827114,0.490962
3.598567,-6.702082,0.519799,2.323846,-6.497447,0.519799,2.780789,-6.583094,0.519799
3.633001,-6.417051,0.548882,2.364586,-6.261531,0.548882,2.825950,-6.338530,0.548882
3.657308,-6.136766,0.578482,2.394864,-6.054656,0.578482,2.869003,-6.094050,0.578482
3.672946,-5.862293,0.594264,2.411349,-5.821988,0.594264,2.911551,-5.848103,0.594264
3.679253,-5.608975,0.599584,2.416445,-5.605714,0.599584,2.945840,-5.600112,0.599584
3.680222,-5.355423,0.599022,2.417168,-5.352165,0.599022,2.981175,-5.352273,0.599022
3.680475,-5.108369,0.599044,2.417301,-5.105793,0.599044,3.017512,-5.104899,0.599044
3.680734,-4.858577,0.599026,2.417955,-4.855925,0.599026,3.019892,-4.854202,0.599026
3.680365,-4.605578,0.599409,2.417411,-4.609595,0.599409,3.031852,-4.603925,0.599409
3.679871,-4.352612,0.599022,2.417151,-4.355594,0.599022,3.042053,-4.353520,0.599022
3.679884,-4.102813,0.599038,2.414429,-4.108735,0.599038,3.053418,-4.103522,0.599038
3.680292,-3.849772,0.599538,2.414038,-3.842150,0.599538,3.042683,-3.853619,0.599538
3.680518,-3.603149,0.598994,2.414032,-3.608951,0.598994,3.040329,-3.603112,0.598994
3.680275,-3.351019,0.598996,2.413135,-3.355622,0.598996,3.036580,-3.353046,0.598996
3.680109,-3.103976,0.599032,2.411485,-3.115136,0.599032,3.031664,-3.102807,0.599032
3.679421,-2.852766,0.598996,2.413335,-2.835578,0.598996,3.026541,-2.852565,0.598996
3.679928,-2.604642,0.598989,2.416817,-2.582318,0.598989,3.020733,-2.601965,0.598989
3.679162,-2.357030,0.593078,2.418675,-2.336054,0.593078,3.016340,-2.350859,0.593078
3.679824,-2.107769,0.568139,2.416608,-2.108962,0.568139,3.000051,-2.101889,0.568139
3.679324,-1.859698,0.534680,2.413440,-1.848973,0.534680,2.986610,-1.853719,0.534680
3.680181,-1.607324,0.499729,2.409597,-1.611164,0.499729,2.972895,-1.605817,0.499729
3.679606,-1.360882,0.464838,2.408792,-1.358212,0.464838,2.958291,-1.358178,0.464838
3.679879,-1.114852,0.430119,2.408959,-1.125286,0.430119,2.941463,-1.111110,0.430119
3.679683,-0.868333,0.395646,2.410867,-0.862896,0.395646,2.922938,-0.863921,0.395646
3.679728,-0.622214,0.360703,2.411184,-0.614292,0.360703,2.904694,-0.615781,0.360703
3.680158,-0.369887,0.325905,2.413279,-0.347268,0.325905,2.920719,-0.368652,0.325905
3.680421,-0.122989,0.291012,2.415490,-0.114069,0.291012,2.928752,-0.120532,0.291012
3.680820,0.127659,0.256433,2.415464,0.137291,0.256433,2.935595,0.128033,0.256433
3.680215,0.374652,0.221139,2.415360,0.373882,0.221139,2.943997,0.376035,0.221139
3.680022,0.626565,0.186195,2.415683,0.633924,0.186195,2.950574,0.624207,0.186195
3.679811,0.876631,0.160078,2.418593,0.880850,0.160078,2.956198,0.873898,0.160078
3.680083,1.129807,0.149695,2.419459,1.124490,0.149695,2.960720,1.131657,0.149695
3.680413,1.377543,0.149064,2.418898,1.374551,0.149064,2.965729,1.381798,0.149064
3.680678,1.630620,0.148994,2.418977,1.627733,0.148994,2.970142,1.634539,0.148994
3.681026,1.880533,0.149000,2.418642,1.887245,0.149000,2.975067,1.885479,0.149000
3.680571,2.134450,0.149008,2.418932,2.137140,0.149008,2.979459,2.136471,0.149008
3.680682,2.387460,0.148991,2.418958,2.390518,0.148991,2.983546,2.386958,0.148991
3.680655,2.638587,0.149194,2.418996,2.637296,0.149194,2.987181,2.637315,0.149194
3.680809,2.891128,0.149231,2.419056,2.887464,0.149231,2.990500,2.888047,0.149231
3.680809,3.098080,0.148991,2.419254,3.134287,0.148991,2.994165,3.139005,0.148991
3.682503,3.225683,0.149795,2.419466,3.387662,0.149795,2.997654,3.389685,0.149795
3.685248,3.271067,0.149319,2.419206,3.624413,0.149319,3.002315,3.640142,0.149319
3.750157,3.277210,0.148882,2.417929,3.883936,0.148882,3.009058,3.890062,0.148882
4.037129,3.968819,0.147283,2.419260,4.156067,0.147283,3.016672,4.140378,0.147283
4.297585,4.699936,0.141966,2.430994,4.442280,0.141966,3.016724,4.390424,0.141966
4.474804,5.467668,0.139392,2.445124,4.636168,0.139392,3.016404,4.641059,0.139392
4.408233,5.590325,0.138988,2.443461,4.837084,0.138988,3.016658,4.891505,0.138988
4.347919,5.720478,0.138994,2.425580,5.037020,0.138994,3.016923,5.141546,0.138994
4.294150,5.859931,0.139050,2.395874,5.323178,0.139050,3.018152,5.391627,0.139050
4.244281,6.011015,0.139017,2.372536,5.560214,0.139017,3.012873,5.641640,0.139017
4.197045,6.194417,0.138992,2.343489,5.794072,0.138992,2.953517,5.884990,0.138992
4.145311,6.414353,0.139012,2.307764,6.007862,0.139012,2.916570,6.132514,0.139012
4.078846,6.693734,0.139064,2.261556,6.224243,0.139064,2.880412,6.380317,0.139064
3.987147,7.004011,0.139194,2.205005,6.424509,0.139194,2.843474,6.627958,0.139194
3.863413,7.337395,0.139003,2.137222,6.609633,0.139003,2.728504,6.850312,0.139003
3.710294,7.656460,0.138987,2.054460,6.787441,0.138987,2.629302,7.080584,0.138987
3.522248,7.968542,0.139080,1.960463,6.949714,0.139080,2.481291,7.282504,0.139080
3.302928,8.261514,0.139002,1.853253,7.092613,0.139002,2.334920,7.485774,0.139002
3.044997,8.542860,0.138992,1.732212,7.223403,0.138992,2.191938,7.691506,0.138992
2.772956,8.784399,0.138993,1.597210,7.341438,0.138993,2.038577,7.889304,0.138993
2.488724,8.995487,0.139067,1.453663,7.444491,0.139067,1.888656,8.090251,0.139067
2.210342,9.165754,0.139109,1.303976,7.533459,0.139109,1.697502,8.252473,0.139109
1.925780,9.309498,0.139159,1.140554,7.617223,0.139159,1.513765,8.422538,0.139159
1.645463,9.427918,0.138993,0.972605,7.690266,0.138993,1.290091,8.534719,0.138993
1.278358,9.533734,0.139004,0.840052,7.743299,0.139004,1.079499,8.670628,0.139004
0.926014,9.598368,0.139062,0.716058,7.769094,0.139062,0.835590,8.727904,0.139062
0.584514,9.630875,0.138991,0.579262,7.773385,0.138991,0.593185,8.791657,0.138991
0.338781,9.628011,0.139014,0.366297,7.769918,0.139014,0.346626,8.835439,0.139014
0.088782,9.622454,0.138989,0.125067,7.764847,0.138989,0.099697,8.879255,0.138989
-0.161831,9.617253,0.139104,-0.134926,7.760259,0.139104,-0.150533,8.882137,0.139104
-0.408652,9.613039,0.139561,-0.381556,7.756353,0.139561,-0.400830,8.891306,0.139561
-0.655093,9.612656,0.139617,-0.627908,7.753859,0.139617,-0.650002,8.864969,0.139617
-0.901784,9.611499,0.139290,-0.874530,7.749416,0.139290,-0.899393,8.838236,0.139290
-1.161433,9.604675,0.138991,-1.127389,7.744721,0.138991,-1.148564,8.815808,0.138991
-1.414877,9.598140,0.139031,-1.370364,7.738607,0.139031,-1.400308,8.785549,0.139031
-1.685943,9.584638,0.138997,-1.617117,7.729575,0.138997,-1.649721,8.759604,0.138997
-1.953452,9.574018,0.139021,-1.838474,7.718596,0.139021,-1.898320,8.728542,0.139021
-2.227389,9.553011,0.139347,-2.074941,7.699942,0.139347,-2.146558,8.698291,0.139347
-2.503015,9.528273,0.139737,-2.284071,7.679668,0.139737,-2.395464,8.668401,0.139737
-2.788887,9.486162,0.139500,-2.509534,7.651000,0.139500,-2.643803,8.639233,0.139500
-3.072946,9.440639,0.138997,-2.715548,7.617887,0.138997,-2.892654,8.610740,0.138997
-3.343189,9.385467,0.139172,-2.923921,7.578449,0.139172,-3.136164,8.550781,0.139172
-3.616746,9.321428,0.138993,-3.121480,7.530189,0.138993,-3.369551,8.460380,0.138993
-3.886041,9.240838,0.139085,-3.320371,7.470420,0.139085,-3.601912,8.367482,0.139085
-4.168903,9.141160,0.139017,-3.507759,7.403621,0.139017,-3.832919,8.269502,0.139017
-4.443529,9.023956,0.139015,-3.685400,7.328479,0.139015,-4.057177,8.158556,0.139015
-4.727782,8.884741,0.139074,-3.851905,7.246234,0.139074,-4.284438,8.054103,0.139074
-5.004708,8.721872,0.139144,-4.012717,7.154070,0.139144,-4.486179,7.905393,0.139144
-5.272632,8.537384,0.139169,-4.164108,7.050724,0.139169,-4.691156,7.762102,0.139169
-5.532470,8.322302,0.138999,-4.298790,6.942301,0.138999,-4.837597,7.558617,0.138999
-5.776340,8.083743,0.138988,-4.420967,6.824290,0.138988,-5.012145,7.378829,0.138988
-6.011848,7.788621,0.139348,-4.525670,6.703457,0.139348,-5.127515,7.156965,0.139348
-6.213613,7.480311,0.139034,-4.609881,6.580571,0.139034,-5.261269,6.945319,0.139034
-6.387859,7.133085,0.138994,-4.680137,6.434978,0.138994,-5.365972,6.717635,0.138994
-6.510989,6.778212,0.139184,-4.733496,6.279236,0.139184,-5.466311,6.487918,0.139184
-6.599954,6.392491,0.138989,-4.777637,6.107362,0.138989,-5.486097,6.238475,0.138989
-6.633547,5.996896,0.138996,-4.798643,5.945918,0.138996,-5.497338,5.983679,0.138996
-6.633078,5.649697,0.138992,-4.799309,5.771453,0.138992,-5.506881,5.733579,0.138992
-6.586503,5.288362,0.139007,-4.780109,5.611735,0.139007,-5.521479,5.483044,0.139007
-6.516235,4.980929,0.138992,-4.744895,5.449124,0.138992,-5.513205,5.232639,0.138992
-6.405252,4.640222,0.139166,-4.693322,5.301495,0.139166,-5.506737,4.982198,0.139166
-6.264633,4.331616,0.139006,-4.622889,5.143980,0.139006,-5.375539,4.768648,0.139006
-6.097737,4.026466,0.139086,-4.545233,5.003719,0.139086,-5.277382,4.538710,0.139086
-5.902124,3.751500,0.138991,-4.456447,4.873446,0.138991,-5.150139,4.323406,0.138991
-5.669265,3.491070,0.139382,-4.353455,4.755510,0.139382,-4.949012,4.174104,0.139382
-5.412224,3.246718,0.139018,-4.237573,4.646579,0.139018,-4.762554,4.007544,0.139018
-5.123793,3.023030,0.139003,-4.107347,4.548583,0.139003,-4.578296,3.838209,0.139003
-4.822179,2.843178,0.138992,-3.971847,4.466783,0.138992,-4.346341,3.744147,0.138992
-4.512153,2.693706,0.139000,-3.821893,4.395435,0.139000,-4.104418,3.679065,0.139000
-4.153324,2.577843,0.139204,-3.668486,4.347963,0.139204,-3.868963,3.594517,0.139204
-3.832948,2.504353,0.138999,-3.489110,4.313630,0.138999,-3.619360,3.578816,0.138999
-3.508535,2.450709,0.139001,-3.275216,4.286935,0.139001,-3.371644,3.539126,0.139001
-3.245267,2.417770,0.138995,-3.034128,4.256215,0.138995,-3.124611,3.497811,0.138995
-2.997269,2.384922,0.139020,-2.787419,4.223888,0.139020,-2.877918,3.456350,0.139020
-2.775188,2.357684,0.139238,-2.544256,4.193055,0.139238,-2.631797,3.390042,0.139238
-2.564192,2.329485,0.138988,-2.304154,4.161556,0.138988,-2.413607,3.266576,0.138988
-2.379273,2.302371,0.138986,-2.061146,4.130884,0.138986,-2.182203,3.169650,0.138986
-2.239203,2.275615,0.139062,-1.837691,4.099787,0.139062,-1.951048,3.073206,0.139062
-2.153063,2.237232,0.139076,-1.618529,4.071871,0.139076,-1.724113,2.966384,0.139076
-2.070928,2.180612,0.139052,-1.408701,4.040970,0.139052,-1.583307,2.758860,0.139052
-2.006809,2.116290,0.139002,-1.215685,4.019385,0.139002,-1.440928,2.552612,0.139002
-1.958407,2.035029,0.139005,-0.612520,3.296199,0.139005,-1.283906,2.357208,0.139005
-1.936013,1.958738,0.138992,-0.144141,2.441864,0.138992,-1.153254,2.143447,0.138992
-1.919583,1.885704,0.139091,0.184884,1.440543,0.139091,-1.071979,1.906836,0.139091
-1.930072,1.815971,0.139067,-0.071296,1.030564,0.139067,-1.065090,1.656790,0.139067
-1.951282,1.747620,0.139002,-0.331943,0.698543,0.139002,-1.173915,1.431155,0.139002
-1.990884,1.663624,0.139035,-0.602131,0.423698,0.139035,-1.328584,1.234701,0.139035
-2.044941,1.599309,0.138998,-0.836152,0.218185,0.138998,-1.531461,1.088293,0.138998
-2.134365,1.531359,0.139026,-1.114423,0.006932,0.139026,-1.739261,0.948603,0.139026
-2.241331,1.476660,0.138997,-1.449792,-0.176903,0.138997,-1.935316,0.792429,0.138997
-2.342422,1.435888,0.138990,-1.861695,-0.335446,0.138990,-2.153367,0.668719,0.138990
-2.429567,1.419165,0.138987,-2.326387,-0.414902,0.138987,-2.392669,0.594482,0.138987
-2.578836,1.430418,0.139012,-2.736595,-0.410536,0.139012,-2.640535,0.561694,0.139012
-2.794311,1.454313,0.138991,-3.070264,-0.367457,0.138991,-2.890980,0.559884,0.138991
-3.060656,1.482485,0.139042,-3.322291,-0.314748,0.139042,-3.140857,0.574088,0.139042
-3.307227,1.501844,0.138990,-3.535258,-0.273046,0.138990,-3.390937,0.572761,0.138990
-3.554367,1.520384,0.138998,-3.779199,-0.227587,0.138998,-3.641292,0.571060,0.138998
-3.800237,1.539442,0.138996,-4.016949,-0.194109,0.138996,-3.891909,0.569618,0.138996
-4.050270,1.558275,0.138988,-4.245684,-0.161360,0.138988,-4.142209,0.580141,0.138988
-4.297833,1.577368,0.138993,-4.448739,-0.141568,0.138993,-4.392960,0.584726,0.138993
-4.550905,1.596619,0.138994,-4.673609,-0.125320,0.138994,-4.643371,0.595272,0.138994
-4.805573,1.616537,0.138990,-4.914720,-0.112712,0.138990,-4.893054,0.616635,0.138990
-5.058460,1.635302,0.138991,-5.161689,-0.107211,0.138991,-5.142611,0.632935,0.138991
-5.306111,1.654985,0.139012,-5.372744,-0.103445,0.139012,-5.392511,0.648831,0.139012
-5.556524,1.674080,0.138986,-5.606307,-0.111215,0.138986,-5.642843,0.665413,0.138986
-5.815434,1.694021,0.139254,-5.845591,-0.124597,0.139254,-5.892969,0.681967,0.139254
-6.149311,1.699083,0.139359,-6.064793,-0.141503,0.139359,-6.143508,0.698526,0.139359
-6.534660,1.663040,0.139572,-6.207893,-0.158256,0.139572,-6.393359,0.707177,0.139572
-6.969990,1.547918,0.139051,-6.309848,-0.185171,0.139051,-6.633883,0.638977,0.139051
-7.368427,1.340748,0.139103,-6.395368,-0.226101,0.139103,-6.819824,0.471138,0.139103
-7.734760,1.043535,0.139074,-6.479097,-0.279996,0.139074,-6.906733,0.236384,0.139074
-8.043247,0.638139,0.139012,-6.547796,-0.360983,0.139012,-7.001954,0.005020,0.139012
-8.266194,0.194299,0.139423,-6.606244,-0.462215,0.139423,-7.115823,-0.218286,0.139423
-8.388936,-0.197917,0.138995,-6.646374,-0.548558,0.138995,-7.229609,-0.441258,0.138995
-8.435924,-0.586865,0.139023,-6.672062,-0.649222,0.139023,-7.420541,-0.521890,0.139023
